{"name":"Form root","localizedNames":{},"localizedDescriptions":{},"rmType":"FORM_DEFINITION","min":0,"max":0,"formId":"form_root","viewConfig":{"label":{"custom":false,"useLocalizations":false},"size":{"field":"inherit","label":"inherit"},"layout":{"label":{"valign":"inherit","align":"inherit"},"field":{"valign":"inherit","align":"inherit"}},"annotations":{}},"children":[{"name":"helseopplysninger_hn_v01","localizedName":"Helseopplysninger","localizedNames":{"en":"Helseopplysninger","nb":"Helseopplysninger"},"localizedDescriptions":{"nb":"Generisk container for informasjon gitt av et individ.","en":"*Generisk container for informasjon gitt av et individ. (nb)"},"rmType":"COMPOSITION","nodeId":"openEHR-EHR-COMPOSITION.self_reported_data.v1","min":1,"max":1,"aqlPath":"/","inputs":[],"formId":"helseopplysninger_hn_v01","viewConfig":{"multiplicity":{"min":1,"max":1},"advanced":{"hidden":false,"readonly":false,"hideFrame":false,"render":false},"label":{"custom":false,"useLocalizations":false},"size":{"field":"inherit","label":"inherit"},"layout":{"label":{"valign":"inherit","align":"inherit"},"field":{"valign":"inherit","align":"inherit"}},"annotations":{},"field":{}},"children":[{"name":"Start time","localizedName":"Start time","localizedNames":{"en":"*Start time (en)","nb":"Start time"},"localizedDescriptions":{},"rmType":"DV_DATE_TIME","min":0,"max":1,"aqlPath":"/context/start_time","inputs":[{"type":"DATETIME","listOpen":false}],"formId":"helseopplysninger_hn_v01/start_time","viewConfig":{"multiplicity":{"min":0,"max":1},"advanced":{"hidden":true,"readonly":false,"hideFrame":false,"render":false},"label":{"custom":false,"useLocalizations":false},"size":{"field":"inherit","label":"inherit"},"layout":{"label":{"valign":"inherit","align":"inherit"},"field":{"valign":"inherit","align":"inherit"}},"annotations":{},"field":{"input":{"hideTime":false,"dateFormat":"","hideDate":false}}}},{"name":"Helseopplysninger","localizedName":"Helseopplysninger","localizedNames":{"en":"*Helseopplysninger (nb)","nb":"Helseopplysninger"},"localizedDescriptions":{"nb":"Helseopplysninger slik det er definert for Helse Nord","en":"*Helseopplysninger slik det er definert for Helse Nord (nb)"},"rmType":"EVALUATION","nodeId":"openEHR-EHR-EVALUATION.helseopplysninger_helse_nord.v1","min":1,"max":1,"aqlPath":"/content[openEHR-EHR-EVALUATION.helseopplysninger_helse_nord.v1]","inputs":[],"formId":"helseopplysninger_hn_v01/helseopplysninger","viewConfig":{"multiplicity":{"min":1,"max":1},"advanced":{"hidden":false,"readonly":false,"hideFrame":false,"render":false},"label":{"custom":false,"useLocalizations":false},"size":{"field":"inherit","label":"-1"},"layout":{"label":{"valign":"inherit","align":"top"},"field":{"valign":"inherit","align":"inherit"}},"annotations":{},"field":{},"tags":["HideLabel"]},"children":[{"name":"Behov for tolk","localizedName":"Behov for tolk","localizedNames":{"en":"*Behov for tolk (nb)","nb":"Behov for tolk"},"localizedDescriptions":{"nb":"","en":"* (nb)"},"rmType":"CLUSTER","nodeId":"at0002","min":1,"max":1,"aqlPath":"/content[openEHR-EHR-EVALUATION.helseopplysninger_helse_nord.v1]/data[at0001]/items[at0002]","inputs":[],"formId":"helseopplysninger_hn_v01/helseopplysninger/behov_for_tolk","viewConfig":{"multiplicity":{"min":1,"max":1},"advanced":{"hidden":false,"readonly":false,"hideFrame":false,"render":false},"label":{"custom":false,"useLocalizations":false},"size":{"field":"inherit","label":"inherit"},"layout":{"label":{"valign":"inherit","align":"inherit"},"field":{"valign":"inherit","align":"inherit"}},"annotations":{},"field":{}},"children":[{"name":"Er det nødvendig med tolk?","localizedName":"Er det nødvendig med tolk?","localizedNames":{"en":"*Er det nødvendig med tolk? (nb)","nb":"Er det nødvendig med tolk?"},"localizedDescriptions":{"nb":"","en":"* (nb)"},"rmType":"DV_CODED_TEXT","nodeId":"at0003","min":0,"max":1,"aqlPath":"/content[openEHR-EHR-EVALUATION.helseopplysninger_helse_nord.v1]/data[at0001]/items[at0002]/items[at0003]/value","inputs":[{"suffix":"code","type":"CODED_TEXT","list":[{"value":"at0004","label":"Ja","localizedLabels":{"nb":"Ja","en":"*Ja (nb)"},"localizedDescriptions":{"nb":"","en":"* (nb)"}},{"value":"at0005","label":"Nei","localizedLabels":{"nb":"Nei","en":"*Nei (nb)"},"localizedDescriptions":{"nb":"","en":"* (nb)"}}],"listOpen":false}],"formId":"helseopplysninger_hn_v01/helseopplysninger/behov_for_tolk/er_det_nødvendig_med_tolk","viewConfig":{"multiplicity":{"min":0,"max":1},"advanced":{"hidden":false,"readonly":false,"hideFrame":false,"render":false},"label":{"custom":false,"useLocalizations":false},"size":{"field":"inherit","label":"inherit"},"layout":{"label":{"valign":"inherit","align":"inherit"},"field":{"valign":"inherit","align":"inherit"}},"annotations":{},"field":{"code":{"presentation":"radios","columns":"2"}}}},{"name":"Hvilket språk? (Inkludert f.eks tegnspråk)","localizedName":"Hvilket språk? (Inkludert f.eks tegnspråk)","localizedNames":{"en":"*Hvilket språk? (Inkludert f.eks tegnspråk) (nb)","nb":"Hvilket språk? (Inkludert f.eks tegnspråk)"},"localizedDescriptions":{"nb":"","en":"* (nb)"},"rmType":"DV_TEXT","nodeId":"at0006","min":0,"max":1,"aqlPath":"/content[openEHR-EHR-EVALUATION.helseopplysninger_helse_nord.v1]/data[at0001]/items[at0002]/items[at0006]/value","inputs":[{"type":"TEXT","list":[],"listOpen":false}],"formId":"helseopplysninger_hn_v01/helseopplysninger/behov_for_tolk/hvilket_språk_(inkludert_f.eks_tegnspråk)","viewConfig":{"multiplicity":{"min":0,"max":1},"advanced":{"hidden":false,"readonly":false,"hideFrame":false,"render":false},"label":{"custom":false,"useLocalizations":false},"size":{"field":"inherit","label":"inherit"},"layout":{"label":{"valign":"inherit","align":"inherit"},"field":{"valign":"inherit","align":"inherit"}},"annotations":{},"field":{"lines":null,"input":{},"formatting":null}}},{"name":"Hvilket land/region/dialekt?","localizedName":"Hvilket land/region/dialekt?","localizedNames":{"en":"*Hvilket land/region/dialekt? (nb)","nb":"Hvilket land/region/dialekt?"},"localizedDescriptions":{"nb":"","en":"* (nb)"},"rmType":"DV_TEXT","nodeId":"at0007","min":0,"max":1,"aqlPath":"/content[openEHR-EHR-EVALUATION.helseopplysninger_helse_nord.v1]/data[at0001]/items[at0002]/items[at0007]/value","inputs":[{"type":"TEXT","list":[],"listOpen":false}],"formId":"helseopplysninger_hn_v01/helseopplysninger/behov_for_tolk/hvilket_land_region_dialekt","viewConfig":{"multiplicity":{"min":0,"max":1},"advanced":{"hidden":false,"readonly":false,"hideFrame":false,"render":false},"label":{"custom":false,"useLocalizations":false},"size":{"field":"inherit","label":"inherit"},"layout":{"label":{"valign":"inherit","align":"inherit"},"field":{"valign":"inherit","align":"inherit"}},"annotations":{},"field":{"lines":null,"input":{},"formatting":null}}},{"name":"Er det nødvendig med annen type kommunikasjonsstøtte?","localizedName":"Er det nødvendig med annen type kommunikasjonsstøtte?","localizedNames":{"en":"*Er det nødvendig med annen type kommunikasjonsstøtte? (nb)","nb":"Er det nødvendig med annen type kommunikasjonsstøtte?"},"localizedDescriptions":{"nb":"","en":"* (nb)"},"rmType":"DV_CODED_TEXT","nodeId":"at0008","min":0,"max":1,"aqlPath":"/content[openEHR-EHR-EVALUATION.helseopplysninger_helse_nord.v1]/data[at0001]/items[at0002]/items[at0008]/value","inputs":[{"suffix":"code","type":"CODED_TEXT","list":[{"value":"at0009","label":"Ja","localizedLabels":{"nb":"Ja","en":"*Ja (nb)"},"localizedDescriptions":{"nb":"","en":"* (nb)"}},{"value":"at0010","label":"Nei","localizedLabels":{"nb":"Nei","en":"*Nei (nb)"},"localizedDescriptions":{"nb":"","en":"* (nb)"}}],"listOpen":false}],"formId":"helseopplysninger_hn_v01/helseopplysninger/behov_for_tolk/er_det_nødvendig_med_annen_type_kommunikasjonsstøtte","viewConfig":{"multiplicity":{"min":0,"max":1},"advanced":{"hidden":false,"readonly":false,"hideFrame":false,"render":false},"label":{"custom":false,"useLocalizations":false},"size":{"field":"inherit","label":"inherit"},"layout":{"label":{"valign":"inherit","align":"inherit"},"field":{"valign":"inherit","align":"inherit"}},"annotations":{},"field":{"code":{"presentation":"radios","columns":"2"}}}},{"name":"Hvilken type?","localizedName":"Hvilken type?","localizedNames":{"en":"*Hvilken type? (nb)","nb":"Hvilken type?"},"localizedDescriptions":{"nb":"F.eks talekort","en":"*F.eks talekort (nb)"},"rmType":"DV_TEXT","nodeId":"at0011","min":0,"max":1,"aqlPath":"/content[openEHR-EHR-EVALUATION.helseopplysninger_helse_nord.v1]/data[at0001]/items[at0002]/items[at0011]/value","inputs":[{"type":"TEXT","list":[],"listOpen":false}],"formId":"helseopplysninger_hn_v01/helseopplysninger/behov_for_tolk/hvilken_type","viewConfig":{"multiplicity":{"min":0,"max":1},"advanced":{"hidden":false,"readonly":false,"hideFrame":false,"render":false},"label":{"custom":false,"useLocalizations":false},"size":{"field":"inherit","label":"inherit"},"layout":{"label":{"valign":"inherit","align":"inherit"},"field":{"valign":"inherit","align":"inherit"}},"annotations":{},"field":{"lines":null,"input":{},"formatting":null}}},{"name":"Reise utenfor Norden","localizedName":"Reise utenfor Norden","localizedNames":{"en":"*Reise utenfor Norden (nb)","nb":"Reise utenfor Norden"},"localizedDescriptions":{"nb":"Har du i løpet av de siste 12 måneder vært i et land utenfor Norden, hvor du har:","en":"*Har du i løpet av de siste 12 måneder vært i et land utenfor Norden, hvor du har: (nb)"},"rmType":"CLUSTER","nodeId":"at0012","min":1,"max":1,"aqlPath":"/content[openEHR-EHR-EVALUATION.helseopplysninger_helse_nord.v1]/data[at0001]/items[at0002]/items[at0012]","inputs":[],"formId":"helseopplysninger_hn_v01/helseopplysninger/behov_for_tolk/reise_utenfor_norden","viewConfig":{"multiplicity":{"min":1,"max":1},"advanced":{"hidden":false,"readonly":false,"hideFrame":false,"render":false},"label":{"custom":false,"useLocalizations":false},"size":{"field":"inherit","label":"inherit"},"layout":{"label":{"valign":"inherit","align":"inherit"},"field":{"valign":"inherit","align":"inherit"}},"annotations":{},"field":{}},"children":[{"name":"Vært innlagt i helseinstitusjon?","localizedName":"Vært innlagt i helseinstitusjon?","localizedNames":{"en":"*Vært innlagt i helseinstitusjon? (nb)","nb":"Vært innlagt i helseinstitusjon?"},"localizedDescriptions":{"nb":"","en":"* (nb)"},"rmType":"DV_BOOLEAN","nodeId":"at0014","min":0,"max":1,"aqlPath":"/content[openEHR-EHR-EVALUATION.helseopplysninger_helse_nord.v1]/data[at0001]/items[at0002]/items[at0012]/items[at0014]/value","inputs":[{"type":"BOOLEAN","defaultValue":"False","listOpen":false}],"formId":"helseopplysninger_hn_v01/helseopplysninger/behov_for_tolk/reise_utenfor_norden/vært_innlagt_i_helseinstitusjon","viewConfig":{"multiplicity":{"min":0,"max":1},"advanced":{"hidden":false,"readonly":false,"hideFrame":false,"render":false},"label":{"custom":false,"useLocalizations":false},"size":{"field":"inherit","label":"inherit"},"layout":{"label":{"valign":"inherit","align":"inherit"},"field":{"valign":"inherit","align":"inherit"}},"annotations":{},"field":{"input":{"threeState":false}}}},{"name":"Fått omfattende undersøkelse eller behandling i en helsetjeneste eller hos tannlege?","localizedName":"Fått omfattende undersøkelse eller behandling i en helsetjeneste eller hos tannlege?","localizedNames":{"en":"*Fått omfattende undersøkelse eller behandling i en helsetjeneste eller hos tannlege? (nb)","nb":"Fått omfattende undersøkelse eller behandling i en helsetjeneste eller hos tannlege?"},"localizedDescriptions":{"nb":"","en":"* (nb)"},"rmType":"DV_BOOLEAN","nodeId":"at0019","min":0,"max":1,"aqlPath":"/content[openEHR-EHR-EVALUATION.helseopplysninger_helse_nord.v1]/data[at0001]/items[at0002]/items[at0012]/items[at0019]/value","inputs":[{"type":"BOOLEAN","defaultValue":"False","listOpen":false}],"formId":"helseopplysninger_hn_v01/helseopplysninger/behov_for_tolk/reise_utenfor_norden/fått_omfattende_undersøkelse_eller_behandling_i_en_helsetjeneste_eller_hos_tannlege","viewConfig":{"multiplicity":{"min":0,"max":1},"advanced":{"hidden":false,"readonly":false,"hideFrame":false,"render":false},"label":{"custom":false,"useLocalizations":false},"size":{"field":"inherit","label":"inherit"},"layout":{"label":{"valign":"inherit","align":"inherit"},"field":{"valign":"inherit","align":"inherit"}},"annotations":{},"field":{"input":{"threeState":false}}}},{"name":"Arbeidet som helsearbeider?","localizedName":"Arbeidet som helsearbeider?","localizedNames":{"en":"*Arbeidet som helsearbeider? (nb)","nb":"Arbeidet som helsearbeider?"},"localizedDescriptions":{"nb":"","en":"* (nb)"},"rmType":"DV_BOOLEAN","nodeId":"at0020","min":0,"max":1,"aqlPath":"/content[openEHR-EHR-EVALUATION.helseopplysninger_helse_nord.v1]/data[at0001]/items[at0002]/items[at0012]/items[at0020]/value","inputs":[{"type":"BOOLEAN","defaultValue":"False","listOpen":false}],"formId":"helseopplysninger_hn_v01/helseopplysninger/behov_for_tolk/reise_utenfor_norden/arbeidet_som_helsearbeider","viewConfig":{"multiplicity":{"min":0,"max":1},"advanced":{"hidden":false,"readonly":false,"hideFrame":false,"render":false},"label":{"custom":false,"useLocalizations":false},"size":{"field":"inherit","label":"inherit"},"layout":{"label":{"valign":"inherit","align":"inherit"},"field":{"valign":"inherit","align":"inherit"}},"annotations":{},"field":{"input":{"threeState":false}}}},{"name":"Oppholdt deg i barnehjem eller flyktningleir?","localizedName":"Oppholdt deg i barnehjem eller flyktningleir?","localizedNames":{"en":"*Oppholdt deg i barnehjem eller flyktningleir? (nb)","nb":"Oppholdt deg i barnehjem eller flyktningleir?"},"localizedDescriptions":{"nb":"","en":"* (nb)"},"rmType":"DV_BOOLEAN","nodeId":"at0021","min":0,"max":1,"aqlPath":"/content[openEHR-EHR-EVALUATION.helseopplysninger_helse_nord.v1]/data[at0001]/items[at0002]/items[at0012]/items[at0021]/value","inputs":[{"type":"BOOLEAN","defaultValue":"False","listOpen":false}],"formId":"helseopplysninger_hn_v01/helseopplysninger/behov_for_tolk/reise_utenfor_norden/oppholdt_deg_i_barnehjem_eller_flyktningleir","viewConfig":{"multiplicity":{"min":0,"max":1},"advanced":{"hidden":false,"readonly":false,"hideFrame":false,"render":false},"label":{"custom":false,"useLocalizations":false},"size":{"field":"inherit","label":"inherit"},"layout":{"label":{"valign":"inherit","align":"inherit"},"field":{"valign":"inherit","align":"inherit"}},"annotations":{},"field":{"input":{"threeState":false}}}},{"name":"Nei, ingen av valgene over gjelder meg","localizedName":"Nei, ingen av valgene over gjelder meg","localizedNames":{"en":"*Nei, ingen av valgene over gjelder meg (nb)","nb":"Nei, ingen av valgene over gjelder meg"},"localizedDescriptions":{"nb":"","en":"* (nb)"},"rmType":"DV_BOOLEAN","nodeId":"at0022","min":0,"max":1,"aqlPath":"/content[openEHR-EHR-EVALUATION.helseopplysninger_helse_nord.v1]/data[at0001]/items[at0002]/items[at0012]/items[at0022]/value","inputs":[{"type":"BOOLEAN","defaultValue":"False","listOpen":false}],"formId":"helseopplysninger_hn_v01/helseopplysninger/behov_for_tolk/reise_utenfor_norden/nei,_ingen_av_valgene_over_gjelder_meg","viewConfig":{"multiplicity":{"min":0,"max":1},"advanced":{"hidden":false,"readonly":false,"hideFrame":false,"render":false},"label":{"custom":false,"useLocalizations":false},"size":{"field":"inherit","label":"inherit"},"layout":{"label":{"valign":"inherit","align":"inherit"},"field":{"valign":"inherit","align":"inherit"}},"annotations":{},"field":{"input":{"threeState":false}}}},{"name":"Har du etter hjemkomst tatt en MRSA-prøve?","localizedName":"Har du etter hjemkomst tatt en MRSA-prøve?","localizedNames":{"en":"*Har du etter hjemkomst tatt en MRSA-prøve? (nb)","nb":"Har du etter hjemkomst tatt en MRSA-prøve?"},"localizedDescriptions":{"nb":"","en":"* (nb)"},"rmType":"DV_CODED_TEXT","nodeId":"at0023","min":0,"max":1,"aqlPath":"/content[openEHR-EHR-EVALUATION.helseopplysninger_helse_nord.v1]/data[at0001]/items[at0002]/items[at0012]/items[at0023]/value","inputs":[{"suffix":"code","type":"CODED_TEXT","list":[{"value":"at0024","label":"Ja, den var negativ","localizedLabels":{"nb":"Ja, den var negativ","en":"*Ja, den var negativ (nb)"},"localizedDescriptions":{"nb":"","en":"* (nb)"}},{"value":"at0025","label":"Ja, den var positiv","localizedLabels":{"nb":"Ja, den var positiv","en":"*Ja, den var positiv (nb)"},"localizedDescriptions":{"nb":"","en":"* (nb)"}},{"value":"at0026","label":"Nei jeg har ikke tatt MRSA-prøve","localizedLabels":{"nb":"Nei jeg har ikke tatt MRSA-prøve","en":"*Nei jeg har ikke tatt MRSA-prøve (nb)"},"localizedDescriptions":{"nb":"","en":"* (nb)"}}],"listOpen":false}],"formId":"helseopplysninger_hn_v01/helseopplysninger/behov_for_tolk/reise_utenfor_norden/har_du_etter_hjemkomst_tatt_en_mrsa-prøve","viewConfig":{"multiplicity":{"min":0,"max":1},"advanced":{"hidden":false,"readonly":false,"hideFrame":false,"render":false},"label":{"custom":false,"useLocalizations":false},"size":{"field":"inherit","label":"inherit"},"layout":{"label":{"valign":"inherit","align":"inherit"},"field":{"valign":"inherit","align":"inherit"}},"annotations":{},"field":{"code":{"presentation":"radios","columns":"1"}}}}]}]},{"name":"Sykdommer","localizedName":"Sykdommer","localizedNames":{"en":"*Sykdommer (nb)","nb":"Sykdommer"},"localizedDescriptions":{"nb":"","en":"* (nb)"},"rmType":"CLUSTER","nodeId":"at0027","min":1,"max":1,"aqlPath":"/content[openEHR-EHR-EVALUATION.helseopplysninger_helse_nord.v1]/data[at0001]/items[at0027]","inputs":[],"formId":"helseopplysninger_hn_v01/helseopplysninger/sykdommer","viewConfig":{"multiplicity":{"min":1,"max":1},"advanced":{"hidden":false,"readonly":false,"hideFrame":false,"render":false},"label":{"custom":false,"useLocalizations":false},"size":{"field":"inherit","label":"inherit"},"layout":{"label":{"valign":"inherit","align":"inherit"},"field":{"valign":"inherit","align":"inherit"}},"annotations":{},"field":{}},"children":[{"name":"Har du, eller har du hatt, hjerte-og karsykdom?","localizedName":"Har du, eller har du hatt, hjerte-og karsykdom?","localizedNames":{"en":"*Har du, eller har du hatt, hjerte-og karsykdom? (nb)","nb":"Har du, eller har du hatt, hjerte-og karsykdom?"},"localizedDescriptions":{"nb":"","en":"* (nb)"},"rmType":"DV_CODED_TEXT","nodeId":"at0028","min":0,"max":1,"aqlPath":"/content[openEHR-EHR-EVALUATION.helseopplysninger_helse_nord.v1]/data[at0001]/items[at0027]/items[at0028]/value","inputs":[{"suffix":"code","type":"CODED_TEXT","list":[{"value":"at0029","label":"Ja","localizedLabels":{"nb":"Ja","en":"*Ja (nb)"},"localizedDescriptions":{"nb":"","en":"* (nb)"}},{"value":"at0030","label":"Nei","localizedLabels":{"nb":"Nei","en":"*Nei (nb)"},"localizedDescriptions":{"nb":"","en":"* (nb)"}},{"value":"at0031","label":"Usikker","localizedLabels":{"nb":"Usikker","en":"*Usikker (nb)"},"localizedDescriptions":{"nb":"","en":"* (nb)"}}],"listOpen":false}],"formId":"helseopplysninger_hn_v01/helseopplysninger/sykdommer/har_du,_eller_har_du_hatt,_hjerte-og_karsykdom","viewConfig":{"multiplicity":{"min":0,"max":1},"advanced":{"hidden":false,"readonly":false,"hideFrame":false,"render":false},"label":{"custom":false,"useLocalizations":false},"size":{"field":"inherit","label":"inherit"},"layout":{"label":{"valign":"inherit","align":"inherit"},"field":{"valign":"inherit","align":"inherit"}},"annotations":{},"field":{"code":{"presentation":"radios","columns":"3"}}}},{"name":"Beskrivelse","localizedName":"Beskrivelse","localizedNames":{"en":"*Beskrivelse (nb)","nb":"Beskrivelse"},"localizedDescriptions":{"nb":"","en":"* (nb)"},"rmType":"DV_TEXT","nodeId":"at0038","min":0,"max":1,"aqlPath":"/content[openEHR-EHR-EVALUATION.helseopplysninger_helse_nord.v1]/data[at0001]/items[at0027]/items[at0038]/value","inputs":[{"type":"TEXT","list":[],"listOpen":false}],"formId":"helseopplysninger_hn_v01/helseopplysninger/sykdommer/beskrivelse","viewConfig":{"multiplicity":{"min":0,"max":1},"advanced":{"hidden":false,"readonly":false,"hideFrame":false,"render":false},"label":{"custom":false,"useLocalizations":false},"size":{"field":"inherit","label":"inherit"},"layout":{"label":{"valign":"inherit","align":"inherit"},"field":{"valign":"inherit","align":"inherit"}},"annotations":{},"field":{"lines":null,"input":{},"formatting":null}}},{"name":"Får du brystsmerter eller blir du tungpustet når du går opp trapper i normalt tempo?","localizedName":"Får du brystsmerter eller blir du tungpustet når du går opp trapper i normalt tempo?","localizedNames":{"en":"*Får du brystsmerter eller blir du tungpustet når du går opp trapper i normalt tempo? (nb)","nb":"Får du brystsmerter eller blir du tungpustet når du går opp trapper i normalt tempo?"},"localizedDescriptions":{"nb":"","en":"* (nb)"},"rmType":"DV_CODED_TEXT","nodeId":"at0033","min":0,"max":1,"aqlPath":"/content[openEHR-EHR-EVALUATION.helseopplysninger_helse_nord.v1]/data[at0001]/items[at0027]/items[at0033]/value","inputs":[{"suffix":"code","type":"CODED_TEXT","list":[{"value":"at0034","label":"Ja","localizedLabels":{"nb":"Ja","en":"*Ja (nb)"},"localizedDescriptions":{"nb":"","en":"* (nb)"}},{"value":"at0035","label":"Nei","localizedLabels":{"nb":"Nei","en":"*Nei (nb)"},"localizedDescriptions":{"nb":"","en":"* (nb)"}}],"listOpen":false}],"formId":"helseopplysninger_hn_v01/helseopplysninger/sykdommer/får_du_brystsmerter_eller_blir_du_tungpustet_når_du_går_opp_trapper_i_normalt_tempo","viewConfig":{"multiplicity":{"min":0,"max":1},"advanced":{"hidden":false,"readonly":false,"hideFrame":false,"render":false},"label":{"custom":false,"useLocalizations":false},"size":{"field":"inherit","label":"inherit"},"layout":{"label":{"valign":"inherit","align":"inherit"},"field":{"valign":"inherit","align":"inherit"}},"annotations":{},"field":{"code":{"presentation":"radios","columns":"2"}}}},{"name":"Beskrivelse","localizedName":"Beskrivelse","localizedNames":{"en":"*Beskrivelse (nb)","nb":"Beskrivelse"},"localizedDescriptions":{"nb":"","en":"* (nb)"},"rmType":"DV_TEXT","nodeId":"at0036","min":0,"max":1,"aqlPath":"/content[openEHR-EHR-EVALUATION.helseopplysninger_helse_nord.v1]/data[at0001]/items[at0027]/items[at0036]/value","inputs":[{"type":"TEXT","list":[],"listOpen":false}],"formId":"helseopplysninger_hn_v01/helseopplysninger/sykdommer/beskrivelse2","viewConfig":{"multiplicity":{"min":0,"max":1},"advanced":{"hidden":false,"readonly":false,"hideFrame":false,"render":false},"label":{"custom":false,"useLocalizations":false},"size":{"field":"inherit","label":"inherit"},"layout":{"label":{"valign":"inherit","align":"inherit"},"field":{"valign":"inherit","align":"inherit"}},"annotations":{},"field":{"lines":null,"input":{},"formatting":null}}},{"name":"Har du høyt blodtrykk (hypertensjon)?","localizedName":"Har du høyt blodtrykk (hypertensjon)?","localizedNames":{"en":"*Har du høyt blodtrykk (hypertensjon)? (nb)","nb":"Har du høyt blodtrykk (hypertensjon)?"},"localizedDescriptions":{"nb":"","en":"* (nb)"},"rmType":"DV_CODED_TEXT","nodeId":"at0037","min":0,"max":1,"aqlPath":"/content[openEHR-EHR-EVALUATION.helseopplysninger_helse_nord.v1]/data[at0001]/items[at0027]/items[at0037]/value","inputs":[{"suffix":"code","type":"CODED_TEXT","list":[{"value":"at0143","label":"Ja","localizedLabels":{"nb":"Ja","en":"*Ja (nb)"},"localizedDescriptions":{"nb":"","en":"* (nb)"}},{"value":"at0144","label":"Nei","localizedLabels":{"nb":"Nei","en":"*Nei (nb)"},"localizedDescriptions":{"nb":"","en":"* (nb)"}},{"value":"at0145","label":"Usikker","localizedLabels":{"nb":"Usikker","en":"*Usikker (nb)"},"localizedDescriptions":{"nb":"","en":"* (nb)"}}],"listOpen":false}],"formId":"helseopplysninger_hn_v01/helseopplysninger/sykdommer/har_du_høyt_blodtrykk_(hypertensjon)","viewConfig":{"multiplicity":{"min":0,"max":1},"advanced":{"hidden":false,"readonly":false,"hideFrame":false,"render":false},"label":{"custom":false,"useLocalizations":false},"size":{"field":"inherit","label":"inherit"},"layout":{"label":{"valign":"inherit","align":"inherit"},"field":{"valign":"inherit","align":"inherit"}},"annotations":{},"field":{"code":{"presentation":"radios","columns":"3"}}}},{"name":"Beskrivelse","localizedName":"Beskrivelse","localizedNames":{"en":"*Beskrivelse (nb)","nb":"Beskrivelse"},"localizedDescriptions":{"nb":"","en":"* (nb)"},"rmType":"DV_TEXT","nodeId":"at0039","min":0,"max":1,"aqlPath":"/content[openEHR-EHR-EVALUATION.helseopplysninger_helse_nord.v1]/data[at0001]/items[at0027]/items[at0039]/value","inputs":[{"type":"TEXT","list":[],"listOpen":false}],"formId":"helseopplysninger_hn_v01/helseopplysninger/sykdommer/beskrivelse3","viewConfig":{"multiplicity":{"min":0,"max":1},"advanced":{"hidden":false,"readonly":false,"hideFrame":false,"render":false},"label":{"custom":false,"useLocalizations":false},"size":{"field":"inherit","label":"inherit"},"layout":{"label":{"valign":"inherit","align":"inherit"},"field":{"valign":"inherit","align":"inherit"}},"annotations":{},"field":{"lines":null,"input":{},"formatting":null}}},{"name":"Har du, eller har du hatt, lungesykdom?","localizedName":"Har du, eller har du hatt, lungesykdom?","localizedNames":{"en":"*Har du, eller har du hatt, lungesykdom? (nb)","nb":"Har du, eller har du hatt, lungesykdom?"},"localizedDescriptions":{"nb":"","en":"* (nb)"},"rmType":"DV_CODED_TEXT","nodeId":"at0040","min":0,"max":1,"aqlPath":"/content[openEHR-EHR-EVALUATION.helseopplysninger_helse_nord.v1]/data[at0001]/items[at0027]/items[at0040]/value","inputs":[{"suffix":"code","type":"CODED_TEXT","list":[{"value":"at0041","label":"Ja","localizedLabels":{"nb":"Ja","en":"*Ja (nb)"},"localizedDescriptions":{"nb":"","en":"* (nb)"}},{"value":"at0042","label":"Nei","localizedLabels":{"nb":"Nei","en":"*Nei (nb)"},"localizedDescriptions":{"nb":"","en":"* (nb)"}},{"value":"at0043","label":"Usikker","localizedLabels":{"nb":"Usikker","en":"*Usikker (nb)"},"localizedDescriptions":{"nb":"","en":"* (nb)"}}],"listOpen":false}],"formId":"helseopplysninger_hn_v01/helseopplysninger/sykdommer/har_du,_eller_har_du_hatt,_lungesykdom","viewConfig":{"multiplicity":{"min":0,"max":1},"advanced":{"hidden":false,"readonly":false,"hideFrame":false,"render":false},"label":{"custom":false,"useLocalizations":false},"size":{"field":"inherit","label":"inherit"},"layout":{"label":{"valign":"inherit","align":"inherit"},"field":{"valign":"inherit","align":"inherit"}},"annotations":{},"field":{"code":{"presentation":"radios","columns":"3"}}}},{"name":"Beskrivelse","localizedName":"Beskrivelse","localizedNames":{"en":"*Beskrivelse (nb)","nb":"Beskrivelse"},"localizedDescriptions":{"nb":"","en":"* (nb)"},"rmType":"DV_TEXT","nodeId":"at0044","min":0,"max":1,"aqlPath":"/content[openEHR-EHR-EVALUATION.helseopplysninger_helse_nord.v1]/data[at0001]/items[at0027]/items[at0044]/value","inputs":[{"type":"TEXT","list":[],"listOpen":false}],"formId":"helseopplysninger_hn_v01/helseopplysninger/sykdommer/beskrivelse4","viewConfig":{"multiplicity":{"min":0,"max":1},"advanced":{"hidden":false,"readonly":false,"hideFrame":false,"render":false},"label":{"custom":false,"useLocalizations":false},"size":{"field":"inherit","label":"inherit"},"layout":{"label":{"valign":"inherit","align":"inherit"},"field":{"valign":"inherit","align":"inherit"}},"annotations":{},"field":{"lines":null,"input":{},"formatting":null}}},{"name":"Har du økt blødningstendens?","localizedName":"Har du økt blødningstendens?","localizedNames":{"en":"*Har du økt blødningstendens? (nb)","nb":"Har du økt blødningstendens?"},"localizedDescriptions":{"nb":"","en":"* (nb)"},"rmType":"DV_CODED_TEXT","nodeId":"at0045","min":0,"max":1,"aqlPath":"/content[openEHR-EHR-EVALUATION.helseopplysninger_helse_nord.v1]/data[at0001]/items[at0027]/items[at0045]/value","inputs":[{"suffix":"code","type":"CODED_TEXT","list":[{"value":"at0046","label":"Ja","localizedLabels":{"nb":"Ja","en":"*Ja (nb)"},"localizedDescriptions":{"nb":"","en":"* (nb)"}},{"value":"at0047","label":"Nei","localizedLabels":{"nb":"Nei","en":"*Nei (nb)"},"localizedDescriptions":{"nb":"","en":"* (nb)"}},{"value":"at0048","label":"Usikker","localizedLabels":{"nb":"Usikker","en":"*Usikker (nb)"},"localizedDescriptions":{"nb":"","en":"* (nb)"}}],"listOpen":false}],"formId":"helseopplysninger_hn_v01/helseopplysninger/sykdommer/har_du_økt_blødningstendens","viewConfig":{"multiplicity":{"min":0,"max":1},"advanced":{"hidden":false,"readonly":false,"hideFrame":false,"render":false},"label":{"custom":false,"useLocalizations":false},"size":{"field":"inherit","label":"inherit"},"layout":{"label":{"valign":"inherit","align":"inherit"},"field":{"valign":"inherit","align":"inherit"}},"annotations":{},"field":{"code":{"presentation":"radios","columns":"3"}}}},{"name":"Beskrivelse","localizedName":"Beskrivelse","localizedNames":{"en":"*Beskrivelse (nb)","nb":"Beskrivelse"},"localizedDescriptions":{"nb":"","en":"* (nb)"},"rmType":"DV_TEXT","nodeId":"at0049","min":0,"max":1,"aqlPath":"/content[openEHR-EHR-EVALUATION.helseopplysninger_helse_nord.v1]/data[at0001]/items[at0027]/items[at0049]/value","inputs":[{"type":"TEXT","list":[],"listOpen":false}],"formId":"helseopplysninger_hn_v01/helseopplysninger/sykdommer/beskrivelse5","viewConfig":{"multiplicity":{"min":0,"max":1},"advanced":{"hidden":false,"readonly":false,"hideFrame":false,"render":false},"label":{"custom":false,"useLocalizations":false},"size":{"field":"inherit","label":"inherit"},"layout":{"label":{"valign":"inherit","align":"inherit"},"field":{"valign":"inherit","align":"inherit"}},"annotations":{},"field":{"lines":null,"input":{},"formatting":null}}},{"name":"Har du, eller har du hatt, nevrologisk sykdom?","localizedName":"Har du, eller har du hatt, nevrologisk sykdom?","localizedNames":{"en":"*Har du, eller har du hatt, nevrologisk sykdom? (nb)","nb":"Har du, eller har du hatt, nevrologisk sykdom?"},"localizedDescriptions":{"nb":"","en":"* (nb)"},"rmType":"DV_CODED_TEXT","nodeId":"at0050","min":0,"max":1,"aqlPath":"/content[openEHR-EHR-EVALUATION.helseopplysninger_helse_nord.v1]/data[at0001]/items[at0027]/items[at0050]/value","inputs":[{"suffix":"code","type":"CODED_TEXT","list":[{"value":"at0051","label":"Ja","localizedLabels":{"nb":"Ja","en":"*Ja (nb)"},"localizedDescriptions":{"nb":"","en":"* (nb)"}},{"value":"at0052","label":"Nei","localizedLabels":{"nb":"Nei","en":"*Nei (nb)"},"localizedDescriptions":{"nb":"","en":"* (nb)"}},{"value":"at0053","label":"Usikker","localizedLabels":{"nb":"Usikker","en":"*Usikker (nb)"},"localizedDescriptions":{"nb":"","en":"* (nb)"}}],"listOpen":false}],"formId":"helseopplysninger_hn_v01/helseopplysninger/sykdommer/har_du,_eller_har_du_hatt,_nevrologisk_sykdom","viewConfig":{"multiplicity":{"min":0,"max":1},"advanced":{"hidden":false,"readonly":false,"hideFrame":false,"render":false},"label":{"custom":false,"useLocalizations":false},"size":{"field":"inherit","label":"inherit"},"layout":{"label":{"valign":"inherit","align":"inherit"},"field":{"valign":"inherit","align":"inherit"}},"annotations":{},"field":{"code":{"presentation":"radios","columns":"3"}}}},{"name":"Beskrivelse","localizedName":"Beskrivelse","localizedNames":{"en":"*Beskrivelse (nb)","nb":"Beskrivelse"},"localizedDescriptions":{"nb":"","en":"* (nb)"},"rmType":"DV_TEXT","nodeId":"at0058","min":0,"max":1,"aqlPath":"/content[openEHR-EHR-EVALUATION.helseopplysninger_helse_nord.v1]/data[at0001]/items[at0027]/items[at0058]/value","inputs":[{"type":"TEXT","list":[],"listOpen":false}],"formId":"helseopplysninger_hn_v01/helseopplysninger/sykdommer/beskrivelse6","viewConfig":{"multiplicity":{"min":0,"max":1},"advanced":{"hidden":false,"readonly":false,"hideFrame":false,"render":false},"label":{"custom":false,"useLocalizations":false},"size":{"field":"inherit","label":"inherit"},"layout":{"label":{"valign":"inherit","align":"inherit"},"field":{"valign":"inherit","align":"inherit"}},"annotations":{},"field":{"lines":null,"input":{},"formatting":null}}},{"name":"Har du, eller har du hatt, nyresykdom?","localizedName":"Har du, eller har du hatt, nyresykdom?","localizedNames":{"en":"*Har du, eller har du hatt, nyresykdom? (nb)","nb":"Har du, eller har du hatt, nyresykdom?"},"localizedDescriptions":{"nb":"","en":"* (nb)"},"rmType":"DV_CODED_TEXT","nodeId":"at0054","min":0,"max":1,"aqlPath":"/content[openEHR-EHR-EVALUATION.helseopplysninger_helse_nord.v1]/data[at0001]/items[at0027]/items[at0054]/value","inputs":[{"suffix":"code","type":"CODED_TEXT","list":[{"value":"at0055","label":"Ja","localizedLabels":{"nb":"Ja","en":"*Ja (nb)"},"localizedDescriptions":{"nb":"","en":"* (nb)"}},{"value":"at0056","label":"Nei","localizedLabels":{"nb":"Nei","en":"*Nei (nb)"},"localizedDescriptions":{"nb":"","en":"* (nb)"}},{"value":"at0057","label":"Usikker","localizedLabels":{"nb":"Usikker","en":"*Usikker (nb)"},"localizedDescriptions":{"nb":"","en":"* (nb)"}}],"listOpen":false}],"formId":"helseopplysninger_hn_v01/helseopplysninger/sykdommer/har_du,_eller_har_du_hatt,_nyresykdom","viewConfig":{"multiplicity":{"min":0,"max":1},"advanced":{"hidden":false,"readonly":false,"hideFrame":false,"render":false},"label":{"custom":false,"useLocalizations":false},"size":{"field":"inherit","label":"inherit"},"layout":{"label":{"valign":"inherit","align":"inherit"},"field":{"valign":"inherit","align":"inherit"}},"annotations":{},"field":{"code":{"presentation":"radios","columns":"3"}}}},{"name":"Beskrivelse","localizedName":"Beskrivelse","localizedNames":{"en":"*Beskrivelse (nb)","nb":"Beskrivelse"},"localizedDescriptions":{"nb":"","en":"* (nb)"},"rmType":"DV_TEXT","nodeId":"at0059","min":0,"max":1,"aqlPath":"/content[openEHR-EHR-EVALUATION.helseopplysninger_helse_nord.v1]/data[at0001]/items[at0027]/items[at0059]/value","inputs":[{"type":"TEXT","list":[],"listOpen":false}],"formId":"helseopplysninger_hn_v01/helseopplysninger/sykdommer/beskrivelse7","viewConfig":{"multiplicity":{"min":0,"max":1},"advanced":{"hidden":false,"readonly":false,"hideFrame":false,"render":false},"label":{"custom":false,"useLocalizations":false},"size":{"field":"inherit","label":"inherit"},"layout":{"label":{"valign":"inherit","align":"inherit"},"field":{"valign":"inherit","align":"inherit"}},"annotations":{},"field":{"lines":null,"input":{},"formatting":null}}},{"name":"Har du, eller har du hatt leversykdom?","localizedName":"Har du, eller har du hatt leversykdom?","localizedNames":{"en":"*Har du, eller har du hatt leversykdom? (nb)","nb":"Har du, eller har du hatt leversykdom?"},"localizedDescriptions":{"nb":"","en":"* (nb)"},"rmType":"DV_CODED_TEXT","nodeId":"at0060","min":0,"max":1,"aqlPath":"/content[openEHR-EHR-EVALUATION.helseopplysninger_helse_nord.v1]/data[at0001]/items[at0027]/items[at0060]/value","inputs":[{"suffix":"code","type":"CODED_TEXT","list":[{"value":"at0061","label":"Ja","localizedLabels":{"nb":"Ja","en":"*Ja (nb)"},"localizedDescriptions":{"nb":"","en":"* (nb)"}},{"value":"at0062","label":"Nei","localizedLabels":{"nb":"Nei","en":"*Nei (nb)"},"localizedDescriptions":{"nb":"","en":"* (nb)"}},{"value":"at0063","label":"Usikker","localizedLabels":{"nb":"Usikker","en":"*Usikker (nb)"},"localizedDescriptions":{"nb":"","en":"* (nb)"}}],"listOpen":false}],"formId":"helseopplysninger_hn_v01/helseopplysninger/sykdommer/har_du,_eller_har_du_hatt_leversykdom","viewConfig":{"multiplicity":{"min":0,"max":1},"advanced":{"hidden":false,"readonly":false,"hideFrame":false,"render":false},"label":{"custom":false,"useLocalizations":false},"size":{"field":"inherit","label":"inherit"},"layout":{"label":{"valign":"inherit","align":"inherit"},"field":{"valign":"inherit","align":"inherit"}},"annotations":{},"field":{"code":{"presentation":"radios","columns":"3"}}}},{"name":"Beskrivelse","localizedName":"Beskrivelse","localizedNames":{"en":"*Beskrivelse (nb)","nb":"Beskrivelse"},"localizedDescriptions":{"nb":"","en":"* (nb)"},"rmType":"DV_TEXT","nodeId":"at0064","min":0,"max":1,"aqlPath":"/content[openEHR-EHR-EVALUATION.helseopplysninger_helse_nord.v1]/data[at0001]/items[at0027]/items[at0064]/value","inputs":[{"type":"TEXT","list":[],"listOpen":false}],"formId":"helseopplysninger_hn_v01/helseopplysninger/sykdommer/beskrivelse8","viewConfig":{"multiplicity":{"min":0,"max":1},"advanced":{"hidden":false,"readonly":false,"hideFrame":false,"render":false},"label":{"custom":false,"useLocalizations":false},"size":{"field":"inherit","label":"inherit"},"layout":{"label":{"valign":"inherit","align":"inherit"},"field":{"valign":"inherit","align":"inherit"}},"annotations":{},"field":{"lines":null,"input":{},"formatting":null}}},{"name":"Har du, eller har du hatt, diabetes?","localizedName":"Har du, eller har du hatt, diabetes?","localizedNames":{"en":"*Har du, eller har du hatt, diabetes? (nb)","nb":"Har du, eller har du hatt, diabetes?"},"localizedDescriptions":{"nb":"","en":"* (nb)"},"rmType":"DV_CODED_TEXT","nodeId":"at0065","min":0,"max":1,"aqlPath":"/content[openEHR-EHR-EVALUATION.helseopplysninger_helse_nord.v1]/data[at0001]/items[at0027]/items[at0065]/value","inputs":[{"suffix":"code","type":"CODED_TEXT","list":[{"value":"at0066","label":"Ja","localizedLabels":{"nb":"Ja","en":"*Ja (nb)"},"localizedDescriptions":{"nb":"","en":"* (nb)"}},{"value":"at0067","label":"Nei","localizedLabels":{"nb":"Nei","en":"*Nei (nb)"},"localizedDescriptions":{"nb":"","en":"* (nb)"}},{"value":"at0068","label":"Usikker","localizedLabels":{"nb":"Usikker","en":"*Usikker (nb)"},"localizedDescriptions":{"nb":"","en":"* (nb)"}}],"listOpen":false}],"formId":"helseopplysninger_hn_v01/helseopplysninger/sykdommer/har_du,_eller_har_du_hatt,_diabetes","viewConfig":{"multiplicity":{"min":0,"max":1},"advanced":{"hidden":false,"readonly":false,"hideFrame":false,"render":false},"label":{"custom":false,"useLocalizations":false},"size":{"field":"inherit","label":"inherit"},"layout":{"label":{"valign":"inherit","align":"inherit"},"field":{"valign":"inherit","align":"inherit"}},"annotations":{},"field":{"code":{"presentation":"radios","columns":"3"}}}},{"name":"Beskrivelse","localizedName":"Beskrivelse","localizedNames":{"en":"*Beskrivelse (nb)","nb":"Beskrivelse"},"localizedDescriptions":{"nb":"","en":"* (nb)"},"rmType":"DV_TEXT","nodeId":"at0069","min":0,"max":1,"aqlPath":"/content[openEHR-EHR-EVALUATION.helseopplysninger_helse_nord.v1]/data[at0001]/items[at0027]/items[at0069]/value","inputs":[{"type":"TEXT","list":[],"listOpen":false}],"formId":"helseopplysninger_hn_v01/helseopplysninger/sykdommer/beskrivelse9","viewConfig":{"multiplicity":{"min":0,"max":1},"advanced":{"hidden":false,"readonly":false,"hideFrame":false,"render":false},"label":{"custom":false,"useLocalizations":false},"size":{"field":"inherit","label":"inherit"},"layout":{"label":{"valign":"inherit","align":"inherit"},"field":{"valign":"inherit","align":"inherit"}},"annotations":{},"field":{"lines":null,"input":{},"formatting":null}}},{"name":"Har du, eller har du hatt, problemer med stoffskifte?","localizedName":"Har du, eller har du hatt, problemer med stoffskifte?","localizedNames":{"en":"*Har du, eller har du hatt, problemer med stoffskifte? (nb)","nb":"Har du, eller har du hatt, problemer med stoffskifte?"},"localizedDescriptions":{"nb":"","en":"* (nb)"},"rmType":"DV_CODED_TEXT","nodeId":"at0070","min":0,"max":1,"aqlPath":"/content[openEHR-EHR-EVALUATION.helseopplysninger_helse_nord.v1]/data[at0001]/items[at0027]/items[at0070]/value","inputs":[{"suffix":"code","type":"CODED_TEXT","list":[{"value":"at0071","label":"Ja","localizedLabels":{"nb":"Ja","en":"*Ja (nb)"},"localizedDescriptions":{"nb":"","en":"* (nb)"}},{"value":"at0072","label":"Nei","localizedLabels":{"nb":"Nei","en":"*Nei (nb)"},"localizedDescriptions":{"nb":"","en":"* (nb)"}},{"value":"at0073","label":"Usikker","localizedLabels":{"nb":"Usikker","en":"*Usikker (nb)"},"localizedDescriptions":{"nb":"","en":"* (nb)"}}],"listOpen":false}],"formId":"helseopplysninger_hn_v01/helseopplysninger/sykdommer/har_du,_eller_har_du_hatt,_problemer_med_stoffskifte","viewConfig":{"multiplicity":{"min":0,"max":1},"advanced":{"hidden":false,"readonly":false,"hideFrame":false,"render":false},"label":{"custom":false,"useLocalizations":false},"size":{"field":"inherit","label":"inherit"},"layout":{"label":{"valign":"inherit","align":"inherit"},"field":{"valign":"inherit","align":"inherit"}},"annotations":{},"field":{"code":{"presentation":"radios","columns":"3"}}}},{"name":"Beskrivelse","localizedName":"Beskrivelse","localizedNames":{"en":"*Beskrivelse (nb)","nb":"Beskrivelse"},"localizedDescriptions":{"nb":"","en":"* (nb)"},"rmType":"DV_TEXT","nodeId":"at0074","min":0,"max":1,"aqlPath":"/content[openEHR-EHR-EVALUATION.helseopplysninger_helse_nord.v1]/data[at0001]/items[at0027]/items[at0074]/value","inputs":[{"type":"TEXT","list":[],"listOpen":false}],"formId":"helseopplysninger_hn_v01/helseopplysninger/sykdommer/beskrivelse10","viewConfig":{"multiplicity":{"min":0,"max":1},"advanced":{"hidden":false,"readonly":false,"hideFrame":false,"render":false},"label":{"custom":false,"useLocalizations":false},"size":{"field":"inherit","label":"inherit"},"layout":{"label":{"valign":"inherit","align":"inherit"},"field":{"valign":"inherit","align":"inherit"}},"annotations":{},"field":{"lines":null,"input":{},"formatting":null}}},{"name":"Har du leddgikt eller muskel-og skjelettsykdom?","localizedName":"Har du leddgikt eller muskel-og skjelettsykdom?","localizedNames":{"en":"*Har du leddgikt eller muskel-og skjelettsykdom? (nb)","nb":"Har du leddgikt eller muskel-og skjelettsykdom?"},"localizedDescriptions":{"nb":"","en":"* (nb)"},"rmType":"DV_CODED_TEXT","nodeId":"at0075","min":0,"max":1,"aqlPath":"/content[openEHR-EHR-EVALUATION.helseopplysninger_helse_nord.v1]/data[at0001]/items[at0027]/items[at0075]/value","inputs":[{"suffix":"code","type":"CODED_TEXT","list":[{"value":"at0076","label":"Ja","localizedLabels":{"nb":"Ja","en":"*Ja (nb)"},"localizedDescriptions":{"nb":"","en":"* (nb)"}},{"value":"at0077","label":"Nei","localizedLabels":{"nb":"Nei","en":"*Nei (nb)"},"localizedDescriptions":{"nb":"","en":"* (nb)"}},{"value":"at0078","label":"Usikker","localizedLabels":{"nb":"Usikker","en":"*Usikker (nb)"},"localizedDescriptions":{"nb":"","en":"* (nb)"}}],"listOpen":false}],"formId":"helseopplysninger_hn_v01/helseopplysninger/sykdommer/har_du_leddgikt_eller_muskel-og_skjelettsykdom","viewConfig":{"multiplicity":{"min":0,"max":1},"advanced":{"hidden":false,"readonly":false,"hideFrame":false,"render":false},"label":{"custom":false,"useLocalizations":false},"size":{"field":"inherit","label":"inherit"},"layout":{"label":{"valign":"inherit","align":"inherit"},"field":{"valign":"inherit","align":"inherit"}},"annotations":{},"field":{"code":{"presentation":"radios","columns":"3"}}}},{"name":"Beskrivelse","localizedName":"Beskrivelse","localizedNames":{"en":"*Beskrivelse (nb)","nb":"Beskrivelse"},"localizedDescriptions":{"nb":"","en":"* (nb)"},"rmType":"DV_TEXT","nodeId":"at0079","min":0,"max":1,"aqlPath":"/content[openEHR-EHR-EVALUATION.helseopplysninger_helse_nord.v1]/data[at0001]/items[at0027]/items[at0079]/value","inputs":[{"type":"TEXT","list":[],"listOpen":false}],"formId":"helseopplysninger_hn_v01/helseopplysninger/sykdommer/beskrivelse11","viewConfig":{"multiplicity":{"min":0,"max":1},"advanced":{"hidden":false,"readonly":false,"hideFrame":false,"render":false},"label":{"custom":false,"useLocalizations":false},"size":{"field":"inherit","label":"inherit"},"layout":{"label":{"valign":"inherit","align":"inherit"},"field":{"valign":"inherit","align":"inherit"}},"annotations":{},"field":{"lines":null,"input":{},"formatting":null}}},{"name":"Har du, eller har du hatt, problemer med mage eller tarm?","localizedName":"Har du, eller har du hatt, problemer med mage eller tarm?","localizedNames":{"en":"*Har du, eller har du hatt, problemer med mage eller tarm? (nb)","nb":"Har du, eller har du hatt, problemer med mage eller tarm?"},"localizedDescriptions":{"nb":"","en":"* (nb)"},"rmType":"DV_CODED_TEXT","nodeId":"at0080","min":0,"max":1,"aqlPath":"/content[openEHR-EHR-EVALUATION.helseopplysninger_helse_nord.v1]/data[at0001]/items[at0027]/items[at0080]/value","inputs":[{"suffix":"code","type":"CODED_TEXT","list":[{"value":"at0081","label":"Ja","localizedLabels":{"nb":"Ja","en":"*Ja (nb)"},"localizedDescriptions":{"nb":"","en":"* (nb)"}},{"value":"at0082","label":"Nei","localizedLabels":{"nb":"Nei","en":"*Nei (nb)"},"localizedDescriptions":{"nb":"","en":"* (nb)"}},{"value":"at0083","label":"Usikker","localizedLabels":{"nb":"Usikker","en":"*Usikker (nb)"},"localizedDescriptions":{"nb":"","en":"* (nb)"}}],"listOpen":false}],"formId":"helseopplysninger_hn_v01/helseopplysninger/sykdommer/har_du,_eller_har_du_hatt,_problemer_med_mage_eller_tarm","viewConfig":{"multiplicity":{"min":0,"max":1},"advanced":{"hidden":false,"readonly":false,"hideFrame":false,"render":false},"label":{"custom":false,"useLocalizations":false},"size":{"field":"inherit","label":"inherit"},"layout":{"label":{"valign":"inherit","align":"inherit"},"field":{"valign":"inherit","align":"inherit"}},"annotations":{},"field":{"code":{"presentation":"radios","columns":"3"}}}},{"name":"Beskrivelse","localizedName":"Beskrivelse","localizedNames":{"en":"*Beskrivelse (nb)","nb":"Beskrivelse"},"localizedDescriptions":{"nb":"","en":"* (nb)"},"rmType":"DV_TEXT","nodeId":"at0084","min":0,"max":1,"aqlPath":"/content[openEHR-EHR-EVALUATION.helseopplysninger_helse_nord.v1]/data[at0001]/items[at0027]/items[at0084]/value","inputs":[{"type":"TEXT","list":[],"listOpen":false}],"formId":"helseopplysninger_hn_v01/helseopplysninger/sykdommer/beskrivelse12","viewConfig":{"multiplicity":{"min":0,"max":1},"advanced":{"hidden":false,"readonly":false,"hideFrame":false,"render":false},"label":{"custom":false,"useLocalizations":false},"size":{"field":"inherit","label":"inherit"},"layout":{"label":{"valign":"inherit","align":"inherit"},"field":{"valign":"inherit","align":"inherit"}},"annotations":{},"field":{"lines":null,"input":{},"formatting":null}}},{"name":"Har du, eller har du hatt, psykiske sykdommer?","localizedName":"Har du, eller har du hatt, psykiske sykdommer?","localizedNames":{"en":"*Har du, eller har du hatt, psykiske sykdommer? (nb)","nb":"Har du, eller har du hatt, psykiske sykdommer?"},"localizedDescriptions":{"nb":"","en":"* (nb)"},"rmType":"DV_CODED_TEXT","nodeId":"at0085","min":0,"max":1,"aqlPath":"/content[openEHR-EHR-EVALUATION.helseopplysninger_helse_nord.v1]/data[at0001]/items[at0027]/items[at0085]/value","inputs":[{"suffix":"code","type":"CODED_TEXT","list":[{"value":"at0086","label":"Ja","localizedLabels":{"nb":"Ja","en":"*Ja (nb)"},"localizedDescriptions":{"nb":"","en":"* (nb)"}},{"value":"at0087","label":"Nei","localizedLabels":{"nb":"Nei","en":"*Nei (nb)"},"localizedDescriptions":{"nb":"","en":"* (nb)"}},{"value":"at0088","label":"Usikker","localizedLabels":{"nb":"Usikker","en":"*Usikker (nb)"},"localizedDescriptions":{"nb":"","en":"* (nb)"}}],"listOpen":false}],"formId":"helseopplysninger_hn_v01/helseopplysninger/sykdommer/har_du,_eller_har_du_hatt,_psykiske_sykdommer","viewConfig":{"multiplicity":{"min":0,"max":1},"advanced":{"hidden":false,"readonly":false,"hideFrame":false,"render":false},"label":{"custom":false,"useLocalizations":false},"size":{"field":"inherit","label":"inherit"},"layout":{"label":{"valign":"inherit","align":"inherit"},"field":{"valign":"inherit","align":"inherit"}},"annotations":{},"field":{"code":{"presentation":"radios","columns":"3"}}}},{"name":"Beskrivelse","localizedName":"Beskrivelse","localizedNames":{"en":"*Beskrivelse (nb)","nb":"Beskrivelse"},"localizedDescriptions":{"nb":"","en":"* (nb)"},"rmType":"DV_TEXT","nodeId":"at0089","min":0,"max":1,"aqlPath":"/content[openEHR-EHR-EVALUATION.helseopplysninger_helse_nord.v1]/data[at0001]/items[at0027]/items[at0089]/value","inputs":[{"type":"TEXT","list":[],"listOpen":false}],"formId":"helseopplysninger_hn_v01/helseopplysninger/sykdommer/beskrivelse13","viewConfig":{"multiplicity":{"min":0,"max":1},"advanced":{"hidden":false,"readonly":false,"hideFrame":false,"render":false},"label":{"custom":false,"useLocalizations":false},"size":{"field":"inherit","label":"inherit"},"layout":{"label":{"valign":"inherit","align":"inherit"},"field":{"valign":"inherit","align":"inherit"}},"annotations":{},"field":{"lines":null,"input":{},"formatting":null}}},{"name":"Har du, eller har du hatt, rusavhengighet (inkl. alkoholavhengighet)?","localizedName":"Har du, eller har du hatt, rusavhengighet (inkl. alkoholavhengighet)?","localizedNames":{"en":"*Har du, eller har du hatt, rusavhengighet (inkl. alkoholavhengighet)? (nb)","nb":"Har du, eller har du hatt, rusavhengighet (inkl. alkoholavhengighet)?"},"localizedDescriptions":{"nb":"","en":"* (nb)"},"rmType":"DV_CODED_TEXT","nodeId":"at0090","min":0,"max":1,"aqlPath":"/content[openEHR-EHR-EVALUATION.helseopplysninger_helse_nord.v1]/data[at0001]/items[at0027]/items[at0090]/value","inputs":[{"suffix":"code","type":"CODED_TEXT","list":[{"value":"at0091","label":"Ja","localizedLabels":{"nb":"Ja","en":"*Ja (nb)"},"localizedDescriptions":{"nb":"","en":"* (nb)"}},{"value":"at0092","label":"Nei","localizedLabels":{"nb":"Nei","en":"*Nei (nb)"},"localizedDescriptions":{"nb":"","en":"* (nb)"}},{"value":"at0093","label":"Usikker","localizedLabels":{"nb":"Usikker","en":"*Usikker (nb)"},"localizedDescriptions":{"nb":"","en":"* (nb)"}}],"listOpen":false}],"formId":"helseopplysninger_hn_v01/helseopplysninger/sykdommer/har_du,_eller_har_du_hatt,_rusavhengighet_(inkl._alkoholavhengighet)","viewConfig":{"multiplicity":{"min":0,"max":1},"advanced":{"hidden":false,"readonly":false,"hideFrame":false,"render":false},"label":{"custom":false,"useLocalizations":false},"size":{"field":"inherit","label":"inherit"},"layout":{"label":{"valign":"inherit","align":"inherit"},"field":{"valign":"inherit","align":"inherit"}},"annotations":{},"field":{"code":{"presentation":"radios","columns":"3"}}}},{"name":"Beskrivelse","localizedName":"Beskrivelse","localizedNames":{"en":"*Beskrivelse (nb)","nb":"Beskrivelse"},"localizedDescriptions":{"nb":"","en":"* (nb)"},"rmType":"DV_TEXT","nodeId":"at0094","min":0,"max":1,"aqlPath":"/content[openEHR-EHR-EVALUATION.helseopplysninger_helse_nord.v1]/data[at0001]/items[at0027]/items[at0094]/value","inputs":[{"type":"TEXT","list":[],"listOpen":false}],"formId":"helseopplysninger_hn_v01/helseopplysninger/sykdommer/beskrivelse14","viewConfig":{"multiplicity":{"min":0,"max":1},"advanced":{"hidden":false,"readonly":false,"hideFrame":false,"render":false},"label":{"custom":false,"useLocalizations":false},"size":{"field":"inherit","label":"inherit"},"layout":{"label":{"valign":"inherit","align":"inherit"},"field":{"valign":"inherit","align":"inherit"}},"annotations":{},"field":{"lines":null,"input":{},"formatting":null}}},{"name":"Har du smittsom sykdom?","localizedName":"Har du smittsom sykdom?","localizedNames":{"en":"*Har du smittsom sykdom? (nb)","nb":"Har du smittsom sykdom?"},"localizedDescriptions":{"nb":"For eksempel:\n\n*  HIV\n* Hepatitt C\n* Tuberkulose\n* Motstandsdyktige (resistente) bakterier:\n  * MRSA (Meticillin Resistente Stafylococcus Aureus)\n  * ESBL (bakterier som produserer Ekstendert Spektrum BetaLaktamase)\n  * VRE (Vankomycin Resistente Enterokokker)","en":"*For eksempel:\n\n*  HIV\n* Hepatitt C\n* Tuberkulose\n* Motstandsdyktige (resistente) bakterier:\n  * MRSA (Meticillin Resistente Stafylococcus Aureus)\n  * ESBL (bakterier som produserer Ekstendert Spektrum BetaLaktamase)\n  * VRE (Vankomycin Resistente Enterokokker) (nb)"},"rmType":"DV_CODED_TEXT","nodeId":"at0095","min":0,"max":1,"aqlPath":"/content[openEHR-EHR-EVALUATION.helseopplysninger_helse_nord.v1]/data[at0001]/items[at0027]/items[at0095]/value","inputs":[{"suffix":"code","type":"CODED_TEXT","list":[{"value":"at0096","label":"Ja","localizedLabels":{"nb":"Ja","en":"*Ja (nb)"},"localizedDescriptions":{"nb":"","en":"* (nb)"}},{"value":"at0097","label":"Nei","localizedLabels":{"nb":"Nei","en":"*Nei (nb)"},"localizedDescriptions":{"nb":"","en":"* (nb)"}},{"value":"at0098","label":"Usikker","localizedLabels":{"nb":"Usikker","en":"*Usikker (nb)"},"localizedDescriptions":{"nb":"","en":"* (nb)"}}],"listOpen":false}],"formId":"helseopplysninger_hn_v01/helseopplysninger/sykdommer/har_du_smittsom_sykdom","viewConfig":{"multiplicity":{"min":0,"max":1},"advanced":{"hidden":false,"readonly":false,"hideFrame":false,"render":false},"label":{"custom":false,"useLocalizations":false},"size":{"field":"inherit","label":"inherit"},"layout":{"label":{"valign":"inherit","align":"inherit"},"field":{"valign":"inherit","align":"inherit"}},"annotations":{},"field":{"code":{"presentation":"radios","columns":"3"}}}},{"name":"Beskrivelse","localizedName":"Beskrivelse","localizedNames":{"en":"*Beskrivelse (nb)","nb":"Beskrivelse"},"localizedDescriptions":{"nb":"","en":"* (nb)"},"rmType":"DV_TEXT","nodeId":"at0099","min":0,"max":1,"aqlPath":"/content[openEHR-EHR-EVALUATION.helseopplysninger_helse_nord.v1]/data[at0001]/items[at0027]/items[at0099]/value","inputs":[{"type":"TEXT","list":[],"listOpen":false}],"formId":"helseopplysninger_hn_v01/helseopplysninger/sykdommer/beskrivelse15","viewConfig":{"multiplicity":{"min":0,"max":1},"advanced":{"hidden":false,"readonly":false,"hideFrame":false,"render":false},"label":{"custom":false,"useLocalizations":false},"size":{"field":"inherit","label":"inherit"},"layout":{"label":{"valign":"inherit","align":"inherit"},"field":{"valign":"inherit","align":"inherit"}},"annotations":{},"field":{"lines":null,"input":{},"formatting":null}}},{"name":"Har du annen helseinformasjon eller sykdom som vi bør vite om?","localizedName":"Har du annen helseinformasjon eller sykdom som vi bør vite om?","localizedNames":{"en":"*Har du annen helseinformasjon eller sykdom som vi bør vite om? (nb)","nb":"Har du annen helseinformasjon eller sykdom som vi bør vite om?"},"localizedDescriptions":{"nb":"","en":"* (nb)"},"rmType":"DV_CODED_TEXT","nodeId":"at0100","min":0,"max":1,"aqlPath":"/content[openEHR-EHR-EVALUATION.helseopplysninger_helse_nord.v1]/data[at0001]/items[at0027]/items[at0100]/value","inputs":[{"suffix":"code","type":"CODED_TEXT","list":[{"value":"at0101","label":"Ja","localizedLabels":{"nb":"Ja","en":"*Ja (nb)"},"localizedDescriptions":{"nb":"","en":"* (nb)"}},{"value":"at0102","label":"Nei","localizedLabels":{"nb":"Nei","en":"*Nei (nb)"},"localizedDescriptions":{"nb":"","en":"* (nb)"}},{"value":"at0103","label":"Usikker","localizedLabels":{"nb":"Usikker","en":"*Usikker (nb)"},"localizedDescriptions":{"nb":"","en":"* (nb)"}}],"listOpen":false}],"formId":"helseopplysninger_hn_v01/helseopplysninger/sykdommer/har_du_annen_helseinformasjon_eller_sykdom_som_vi_bør_vite_om","viewConfig":{"multiplicity":{"min":0,"max":1},"advanced":{"hidden":false,"readonly":false,"hideFrame":false,"render":false},"label":{"custom":false,"useLocalizations":false},"size":{"field":"inherit","label":"inherit"},"layout":{"label":{"valign":"inherit","align":"inherit"},"field":{"valign":"inherit","align":"inherit"}},"annotations":{},"field":{"code":{"presentation":"radios","columns":"3"}}}},{"name":"Beskrivelse","localizedName":"Beskrivelse","localizedNames":{"en":"*Beskrivelse (nb)","nb":"Beskrivelse"},"localizedDescriptions":{"nb":"","en":"* (nb)"},"rmType":"DV_TEXT","nodeId":"at0104","min":0,"max":1,"aqlPath":"/content[openEHR-EHR-EVALUATION.helseopplysninger_helse_nord.v1]/data[at0001]/items[at0027]/items[at0104]/value","inputs":[{"type":"TEXT","list":[],"listOpen":false}],"formId":"helseopplysninger_hn_v01/helseopplysninger/sykdommer/beskrivelse16","viewConfig":{"multiplicity":{"min":0,"max":1},"advanced":{"hidden":false,"readonly":false,"hideFrame":false,"render":false},"label":{"custom":false,"useLocalizations":false},"size":{"field":"inherit","label":"inherit"},"layout":{"label":{"valign":"inherit","align":"inherit"},"field":{"valign":"inherit","align":"inherit"}},"annotations":{},"field":{"lines":null,"input":{},"formatting":null}}}]},{"name":"Medisiner","localizedName":"Medisiner","localizedNames":{"en":"*Medisiner (nb)","nb":"Medisiner"},"localizedDescriptions":{"nb":"","en":"* (nb)"},"rmType":"CLUSTER","nodeId":"at0106","min":1,"max":1,"aqlPath":"/content[openEHR-EHR-EVALUATION.helseopplysninger_helse_nord.v1]/data[at0001]/items[at0106]","inputs":[],"formId":"helseopplysninger_hn_v01/helseopplysninger/medisiner","viewConfig":{"multiplicity":{"min":1,"max":1},"advanced":{"hidden":false,"readonly":false,"hideFrame":false,"render":false},"label":{"custom":false,"useLocalizations":false},"size":{"field":"inherit","label":"inherit"},"layout":{"label":{"valign":"inherit","align":"inherit"},"field":{"valign":"inherit","align":"inherit"}},"annotations":{},"field":{}},"children":[{"name":"Bruker du noen faste medisiner?","localizedName":"Bruker du noen faste medisiner?","localizedNames":{"en":"*Bruker du noen faste medisiner? (nb)","nb":"Bruker du noen faste medisiner?"},"localizedDescriptions":{"nb":"Gjelder også prevensjonsmidler, reseptfrie medisiner, kosttilskudd og naturmedisiner.","en":"*Gjelder også prevensjonsmidler, reseptfrie medisiner, kosttilskudd og naturmedisiner. (nb)"},"rmType":"DV_CODED_TEXT","nodeId":"at0107","min":0,"max":1,"aqlPath":"/content[openEHR-EHR-EVALUATION.helseopplysninger_helse_nord.v1]/data[at0001]/items[at0106]/items[at0107]/value","inputs":[{"suffix":"code","type":"CODED_TEXT","list":[{"value":"at0108","label":"Ja","localizedLabels":{"nb":"Ja","en":"*Ja (nb)"},"localizedDescriptions":{"nb":"","en":"* (nb)"}},{"value":"at0109","label":"Nei","localizedLabels":{"nb":"Nei","en":"*Nei (nb)"},"localizedDescriptions":{"nb":"","en":"* (nb)"}}],"listOpen":false}],"formId":"helseopplysninger_hn_v01/helseopplysninger/medisiner/bruker_du_noen_faste_medisiner","viewConfig":{"multiplicity":{"min":0,"max":1},"advanced":{"hidden":false,"readonly":false,"hideFrame":false,"render":false},"label":{"custom":false,"useLocalizations":false},"size":{"field":"inherit","label":"inherit"},"layout":{"label":{"valign":"inherit","align":"inherit"},"field":{"valign":"inherit","align":"inherit"}},"annotations":{},"field":{"code":{"presentation":"radios","columns":"2"}}}},{"name":"Fieldset","localizedName":"Velg det som passer for deg ","localizedNames":{"en":"Velg det som passer for deg ","nb":"Velg det som passer for deg "},"localizedDescriptions":{},"rmType":"GENERIC_FIELDSET","min":0,"max":1,"inputs":[],"formId":"generic-field-64181","viewConfig":{"multiplicity":{"min":0,"max":1},"advanced":{"hidden":false,"readonly":false,"hideFrame":false,"render":false},"label":{"custom":false,"useLocalizations":false},"size":{"field":"inherit","label":"inherit"},"layout":{"label":{"valign":"inherit","align":"inherit"},"field":{"valign":"inherit","align":"inherit"}},"annotations":{},"field":{"formId":null,"name":null}},"children":[{"name":"Jeg bruker blodfortynnende medisiner","localizedName":"Jeg bruker blodfortynnende medisiner","localizedNames":{"en":"*Jeg bruker blodfortynnende medisiner (nb)","nb":"Jeg bruker blodfortynnende medisiner"},"localizedDescriptions":{"nb":"","en":"* (nb)"},"rmType":"DV_BOOLEAN","nodeId":"at0110","min":0,"max":1,"aqlPath":"/content[openEHR-EHR-EVALUATION.helseopplysninger_helse_nord.v1]/data[at0001]/items[at0106]/items[at0110]/value","inputs":[{"type":"BOOLEAN","defaultValue":"False","listOpen":false}],"formId":"helseopplysninger_hn_v01/helseopplysninger/medisiner/jeg_bruker_blodfortynnende_medisiner","viewConfig":{"multiplicity":{"min":0,"max":1},"advanced":{"hidden":false,"readonly":false,"hideFrame":false,"render":false},"label":{"custom":false,"useLocalizations":false},"size":{"field":"inherit","label":"inherit"},"layout":{"label":{"valign":"inherit","align":"inherit"},"field":{"valign":"inherit","align":"inherit"}},"annotations":{},"field":{"input":{"threeState":false}}}},{"name":"Vennligst spesifiser hvilke blodfortynnende medisiner du bruker, dosering og hvorfor du bruker disse","localizedName":"Vennligst spesifiser hvilke blodfortynnende medisiner du bruker, dosering og hvorfor du bruker disse","localizedNames":{"en":"*Vennligst spesifiser hvilke blodfortynnende medisiner du bruker, dosering og hvorfor du bruker disse (nb)","nb":"Vennligst spesifiser hvilke blodfortynnende medisiner du bruker, dosering og hvorfor du bruker disse"},"localizedDescriptions":{"nb":"F.eks Albyl-E 75 mg, en gang daglig, forebyggende mot blodpropp.","en":"*F.eks Albyl-E 75 mg, en gang daglig, forebyggende mot blodpropp. (nb)"},"rmType":"DV_TEXT","nodeId":"at0111","min":0,"max":1,"aqlPath":"/content[openEHR-EHR-EVALUATION.helseopplysninger_helse_nord.v1]/data[at0001]/items[at0106]/items[at0111]/value","inputs":[{"type":"TEXT","list":[],"listOpen":false}],"formId":"helseopplysninger_hn_v01/helseopplysninger/medisiner/vennligst_spesifiser_hvilke_blodfortynnende_medisiner_du_bruker,_dosering_og_hvorfor_du_bruker_disse","viewConfig":{"multiplicity":{"min":0,"max":1},"advanced":{"hidden":false,"readonly":false,"hideFrame":false,"render":false},"label":{"custom":false,"useLocalizations":false},"size":{"field":"inherit","label":"inherit"},"layout":{"label":{"valign":"inherit","align":"inherit"},"field":{"valign":"inherit","align":"inherit"}},"annotations":{},"field":{"lines":null,"input":{},"formatting":null}}},{"name":"Jeg bruker andre reseptbelagte medisiner. Gjelder også prevensjonsmidler.","localizedName":"Jeg bruker andre reseptbelagte medisiner. Gjelder også prevensjonsmidler.","localizedNames":{"en":"*Jeg bruker andre reseptbelagte medisiner. Gjelder også prevensjonsmidler. (nb)","nb":"Jeg bruker andre reseptbelagte medisiner. Gjelder også prevensjonsmidler."},"localizedDescriptions":{"nb":"","en":"* (nb)"},"rmType":"DV_BOOLEAN","nodeId":"at0112","min":0,"max":1,"aqlPath":"/content[openEHR-EHR-EVALUATION.helseopplysninger_helse_nord.v1]/data[at0001]/items[at0106]/items[at0112]/value","inputs":[{"type":"BOOLEAN","defaultValue":"False","listOpen":false}],"formId":"helseopplysninger_hn_v01/helseopplysninger/medisiner/jeg_bruker_andre_reseptbelagte_medisiner._gjelder_også_prevensjonsmidler.","viewConfig":{"multiplicity":{"min":0,"max":1},"advanced":{"hidden":false,"readonly":false,"hideFrame":false,"render":false},"label":{"custom":false,"useLocalizations":false},"size":{"field":"inherit","label":"inherit"},"layout":{"label":{"valign":"inherit","align":"inherit"},"field":{"valign":"inherit","align":"inherit"}},"annotations":{},"field":{"input":{"threeState":false}}}},{"name":"Vennligst spesifiser hvilke andre reseptbelagte medisiner (inkl. prevensjon) du bruker, dosering og hvorfor du bruker disse","localizedName":"Vennligst spesifiser hvilke andre reseptbelagte medisiner (inkl. prevensjon) du bruker, dosering og hvorfor du bruker disse","localizedNames":{"en":"*Vennligst spesifiser hvilke andre reseptbelagte medisiner (inkl. prevensjon) du bruker, dosering og hvorfor du bruker disse (nb)","nb":"Vennligst spesifiser hvilke andre reseptbelagte medisiner (inkl. prevensjon) du bruker, dosering og hvorfor du bruker disse"},"localizedDescriptions":{"nb":"F.eks Voltaren 50 mg, en gang daglig, mot ryggsmerter.","en":"*F.eks Voltaren 50 mg, en gang daglig, mot ryggsmerter. (nb)"},"rmType":"DV_TEXT","nodeId":"at0113","min":0,"max":1,"aqlPath":"/content[openEHR-EHR-EVALUATION.helseopplysninger_helse_nord.v1]/data[at0001]/items[at0106]/items[at0113]/value","inputs":[{"type":"TEXT","list":[],"listOpen":false}],"formId":"helseopplysninger_hn_v01/helseopplysninger/medisiner/vennligst_spesifiser_hvilke_andre_reseptbelagte_medisiner_(inkl._prevensjon)_du_bruker,_dosering_og_hvorfor_du_bruker_disse","viewConfig":{"multiplicity":{"min":0,"max":1},"advanced":{"hidden":false,"readonly":false,"hideFrame":false,"render":false},"label":{"custom":false,"useLocalizations":false},"size":{"field":"inherit","label":"inherit"},"layout":{"label":{"valign":"inherit","align":"inherit"},"field":{"valign":"inherit","align":"inherit"}},"annotations":{},"field":{"lines":null,"input":{},"formatting":null}}},{"name":"Jeg bruker reseptfrie medisiner, kosttilskudd eller naturmedisin","localizedName":"Jeg bruker reseptfrie medisiner, kosttilskudd eller naturmedisin","localizedNames":{"en":"*Jeg bruker reseptfrie medisiner, kosttilskudd eller naturmedisin (nb)","nb":"Jeg bruker reseptfrie medisiner, kosttilskudd eller naturmedisin"},"localizedDescriptions":{"nb":"","en":"* (nb)"},"rmType":"DV_BOOLEAN","nodeId":"at0114","min":0,"max":1,"aqlPath":"/content[openEHR-EHR-EVALUATION.helseopplysninger_helse_nord.v1]/data[at0001]/items[at0106]/items[at0114]/value","inputs":[{"type":"BOOLEAN","defaultValue":"False","listOpen":false}],"formId":"helseopplysninger_hn_v01/helseopplysninger/medisiner/jeg_bruker_reseptfrie_medisiner,_kosttilskudd_eller_naturmedisin","viewConfig":{"multiplicity":{"min":0,"max":1},"advanced":{"hidden":false,"readonly":false,"hideFrame":false,"render":false},"label":{"custom":false,"useLocalizations":false},"size":{"field":"inherit","label":"inherit"},"layout":{"label":{"valign":"inherit","align":"inherit"},"field":{"valign":"inherit","align":"inherit"}},"annotations":{},"field":{"input":{"threeState":false}}}},{"name":"Vennligst spesifiser hvilke reseptfrie medisiner, kosttilskudd eller naturmedisin du bruker, dosering, og hvorfor du bruker disse","localizedName":"Vennligst spesifiser hvilke reseptfrie medisiner, kosttilskudd eller naturmedisin du bruker, dosering, og hvorfor du bruker disse","localizedNames":{"en":"*Vennligst spesifiser hvilke reseptfrie medisiner, kosttilskudd eller naturmedisin du bruker, dosering, og hvorfor du bruker disse (nb)","nb":"Vennligst spesifiser hvilke reseptfrie medisiner, kosttilskudd eller naturmedisin du bruker, dosering, og hvorfor du bruker disse"},"localizedDescriptions":{"nb":"F.eks Paracet 500 mg, tre ganger daglig, mot ryggsmerter.","en":"*F.eks Paracet 500 mg, tre ganger daglig, mot ryggsmerter. (nb)"},"rmType":"DV_TEXT","nodeId":"at0115","min":0,"max":1,"aqlPath":"/content[openEHR-EHR-EVALUATION.helseopplysninger_helse_nord.v1]/data[at0001]/items[at0106]/items[at0115]/value","inputs":[{"type":"TEXT","list":[],"listOpen":false}],"formId":"helseopplysninger_hn_v01/helseopplysninger/medisiner/vennligst_spesifiser_hvilke_reseptfrie_medisiner,_kosttilskudd_eller_naturmedisin_du_bruker,_dosering,_og_hvorfor_du_bruker_disse","viewConfig":{"multiplicity":{"min":0,"max":1},"advanced":{"hidden":false,"readonly":false,"hideFrame":false,"render":false},"label":{"custom":false,"useLocalizations":false},"size":{"field":"inherit","label":"inherit"},"layout":{"label":{"valign":"inherit","align":"inherit"},"field":{"valign":"inherit","align":"inherit"}},"annotations":{},"field":{"lines":null,"input":{},"formatting":null}}},{"name":"Er du allergisk mot noen typer antibiotika eller andre medisiner?","localizedName":"Er du allergisk mot noen typer antibiotika eller andre medisiner?","localizedNames":{"en":"*Er du allergisk mot noen typer antibiotika eller andre medisiner? (nb)","nb":"Er du allergisk mot noen typer antibiotika eller andre medisiner?"},"localizedDescriptions":{"nb":"","en":"* (nb)"},"rmType":"DV_CODED_TEXT","nodeId":"at0116","min":0,"max":1,"aqlPath":"/content[openEHR-EHR-EVALUATION.helseopplysninger_helse_nord.v1]/data[at0001]/items[at0106]/items[at0116]/value","inputs":[{"suffix":"code","type":"CODED_TEXT","list":[{"value":"at0117","label":"Ja","localizedLabels":{"nb":"Ja","en":"*Ja (nb)"},"localizedDescriptions":{"nb":"","en":"* (nb)"}},{"value":"at0118","label":"Nei","localizedLabels":{"nb":"Nei","en":"*Nei (nb)"},"localizedDescriptions":{"nb":"","en":"* (nb)"}},{"value":"at0119","label":"Usikker","localizedLabels":{"nb":"Usikker","en":"*Usikker (nb)"},"localizedDescriptions":{"nb":"","en":"* (nb)"}}],"listOpen":false}],"formId":"helseopplysninger_hn_v01/helseopplysninger/medisiner/er_du_allergisk_mot_noen_typer_antibiotika_eller_andre_medisiner","viewConfig":{"multiplicity":{"min":0,"max":1},"advanced":{"hidden":false,"readonly":false,"hideFrame":false,"render":false},"label":{"custom":false,"useLocalizations":false},"size":{"field":"inherit","label":"inherit"},"layout":{"label":{"valign":"inherit","align":"inherit"},"field":{"valign":"inherit","align":"inherit"}},"annotations":{},"field":{"code":{"presentation":"radios","columns":"3"}}}},{"name":"Beskriv hvilke medisiner du er allergisk mot og hvordan du reagerer","localizedName":"Beskriv hvilke medisiner du er allergisk mot og hvordan du reagerer","localizedNames":{"en":"*Beskriv hvilke medisiner du er allergisk mot og hvordan du reagerer (nb)","nb":"Beskriv hvilke medisiner du er allergisk mot og hvordan du reagerer"},"localizedDescriptions":{"nb":"","en":"* (nb)"},"rmType":"DV_TEXT","nodeId":"at0120","min":0,"max":1,"aqlPath":"/content[openEHR-EHR-EVALUATION.helseopplysninger_helse_nord.v1]/data[at0001]/items[at0106]/items[at0120]/value","inputs":[{"type":"TEXT","list":[],"listOpen":false}],"formId":"helseopplysninger_hn_v01/helseopplysninger/medisiner/beskriv_hvilke_medisiner_du_er_allergisk_mot_og_hvordan_du_reagerer","viewConfig":{"multiplicity":{"min":0,"max":1},"advanced":{"hidden":false,"readonly":false,"hideFrame":false,"render":false},"label":{"custom":false,"useLocalizations":false},"size":{"field":"inherit","label":"inherit"},"layout":{"label":{"valign":"inherit","align":"inherit"},"field":{"valign":"inherit","align":"inherit"}},"annotations":{},"field":{"lines":null,"input":{},"formatting":null}}}]}]},{"name":"Mat, livsstil og dagligliv","localizedName":"Mat, livsstil og dagligliv","localizedNames":{"en":"*Mat, livsstil og dagligliv (nb)","nb":"Mat, livsstil og dagligliv"},"localizedDescriptions":{"nb":"","en":"* (nb)"},"rmType":"CLUSTER","nodeId":"at0122","min":1,"max":1,"aqlPath":"/content[openEHR-EHR-EVALUATION.helseopplysninger_helse_nord.v1]/data[at0001]/items[at0122]","inputs":[],"formId":"helseopplysninger_hn_v01/helseopplysninger/mat,_livsstil_og_dagligliv","viewConfig":{"multiplicity":{"min":1,"max":1},"advanced":{"hidden":false,"readonly":false,"hideFrame":false,"render":false},"label":{"custom":false,"useLocalizations":false},"size":{"field":"inherit","label":"inherit"},"layout":{"label":{"valign":"inherit","align":"inherit"},"field":{"valign":"inherit","align":"inherit"}},"annotations":{},"field":{}},"children":[{"name":"Har du behov for spesiell kost?","localizedName":"Har du behov for spesiell kost?","localizedNames":{"en":"*Har du behov for spesiell kost? (nb)","nb":"Har du behov for spesiell kost?"},"localizedDescriptions":{"nb":"Vi spør om dette i tilfelle du blir innlagt.","en":"*Vi spør om dette i tilfelle du blir innlagt. (nb)"},"rmType":"DV_CODED_TEXT","nodeId":"at0123","min":0,"max":1,"aqlPath":"/content[openEHR-EHR-EVALUATION.helseopplysninger_helse_nord.v1]/data[at0001]/items[at0122]/items[at0123]/value","inputs":[{"suffix":"code","type":"CODED_TEXT","list":[{"value":"at0124","label":"Ja","localizedLabels":{"nb":"Ja","en":"*Ja (nb)"},"localizedDescriptions":{"nb":"","en":"* (nb)"}},{"value":"at0125","label":"Nei","localizedLabels":{"nb":"Nei","en":"*Nei (nb)"},"localizedDescriptions":{"nb":"","en":"* (nb)"}}],"listOpen":false}],"formId":"helseopplysninger_hn_v01/helseopplysninger/mat,_livsstil_og_dagligliv/har_du_behov_for_spesiell_kost","viewConfig":{"multiplicity":{"min":0,"max":1},"advanced":{"hidden":false,"readonly":false,"hideFrame":false,"render":false},"label":{"custom":false,"useLocalizations":false},"size":{"field":"inherit","label":"inherit"},"layout":{"label":{"valign":"inherit","align":"inherit"},"field":{"valign":"inherit","align":"inherit"}},"annotations":{},"field":{"code":{"presentation":"radios","columns":"2"}}}},{"name":"Beskriv","localizedName":"Beskriv","localizedNames":{"en":"*Beskriv (nb)","nb":"Beskriv"},"localizedDescriptions":{"nb":"","en":"* (nb)"},"rmType":"DV_TEXT","nodeId":"at0126","min":0,"max":1,"aqlPath":"/content[openEHR-EHR-EVALUATION.helseopplysninger_helse_nord.v1]/data[at0001]/items[at0122]/items[at0126]/value","inputs":[{"type":"TEXT","list":[],"listOpen":false}],"formId":"helseopplysninger_hn_v01/helseopplysninger/mat,_livsstil_og_dagligliv/beskriv","viewConfig":{"multiplicity":{"min":0,"max":1},"advanced":{"hidden":false,"readonly":false,"hideFrame":false,"render":false},"label":{"custom":false,"useLocalizations":false},"size":{"field":"inherit","label":"inherit"},"layout":{"label":{"valign":"inherit","align":"inherit"},"field":{"valign":"inherit","align":"inherit"}},"annotations":{},"field":{"lines":null,"input":{},"formatting":null}}},{"name":"Er du allergisk mot matvarer, pollen, lateks, nikkel eller annet?","localizedName":"Er du allergisk mot matvarer, pollen, lateks, nikkel eller annet?","localizedNames":{"en":"*Er du allergisk mot matvarer, pollen, lateks, nikkel eller annet? (nb)","nb":"Er du allergisk mot matvarer, pollen, lateks, nikkel eller annet?"},"localizedDescriptions":{"nb":"","en":"* (nb)"},"rmType":"DV_CODED_TEXT","nodeId":"at0127","min":0,"max":1,"aqlPath":"/content[openEHR-EHR-EVALUATION.helseopplysninger_helse_nord.v1]/data[at0001]/items[at0122]/items[at0127]/value","inputs":[{"suffix":"code","type":"CODED_TEXT","list":[{"value":"at0128","label":"Ja","localizedLabels":{"nb":"Ja","en":"*Ja (nb)"},"localizedDescriptions":{"nb":"","en":"* (nb)"}},{"value":"at0129","label":"Nei","localizedLabels":{"nb":"Nei","en":"*Nei (nb)"},"localizedDescriptions":{"nb":"","en":"* (nb)"}},{"value":"at0130","label":"Usikker","localizedLabels":{"nb":"Usikker","en":"*Usikker (nb)"},"localizedDescriptions":{"nb":"","en":"* (nb)"}}],"listOpen":false}],"formId":"helseopplysninger_hn_v01/helseopplysninger/mat,_livsstil_og_dagligliv/er_du_allergisk_mot_matvarer,_pollen,_lateks,_nikkel_eller_annet","viewConfig":{"multiplicity":{"min":0,"max":1},"advanced":{"hidden":false,"readonly":false,"hideFrame":false,"render":false},"label":{"custom":false,"useLocalizations":false},"size":{"field":"inherit","label":"inherit"},"layout":{"label":{"valign":"inherit","align":"inherit"},"field":{"valign":"inherit","align":"inherit"}},"annotations":{},"field":{"code":{"presentation":"radios","columns":"3"}}}},{"name":"Hva er du allergisk mot og hvordan reagerer du?","localizedName":"Hva er du allergisk mot og hvordan reagerer du?","localizedNames":{"en":"*Hva er du allergisk mot og hvordan reagerer du? (nb)","nb":"Hva er du allergisk mot og hvordan reagerer du?"},"localizedDescriptions":{"nb":"","en":"* (nb)"},"rmType":"DV_TEXT","nodeId":"at0131","min":0,"max":1,"aqlPath":"/content[openEHR-EHR-EVALUATION.helseopplysninger_helse_nord.v1]/data[at0001]/items[at0122]/items[at0131]/value","inputs":[{"type":"TEXT","list":[],"listOpen":false}],"formId":"helseopplysninger_hn_v01/helseopplysninger/mat,_livsstil_og_dagligliv/hva_er_du_allergisk_mot_og_hvordan_reagerer_du","viewConfig":{"multiplicity":{"min":0,"max":1},"advanced":{"hidden":false,"readonly":false,"hideFrame":false,"render":false},"label":{"custom":false,"useLocalizations":false},"size":{"field":"inherit","label":"inherit"},"layout":{"label":{"valign":"inherit","align":"inherit"},"field":{"valign":"inherit","align":"inherit"}},"annotations":{},"field":{"lines":null,"input":{},"formatting":null}}},{"name":"Klarer du å dusje, kle på deg og utføre daglige gjøremål selv?","localizedName":"Klarer du å dusje, kle på deg og utføre daglige gjøremål selv?","localizedNames":{"en":"*Klarer du å dusje, kle på deg og utføre daglige gjøremål selv? (nb)","nb":"Klarer du å dusje, kle på deg og utføre daglige gjøremål selv?"},"localizedDescriptions":{"nb":"","en":"* (nb)"},"rmType":"DV_CODED_TEXT","nodeId":"at0132","min":0,"max":1,"aqlPath":"/content[openEHR-EHR-EVALUATION.helseopplysninger_helse_nord.v1]/data[at0001]/items[at0122]/items[at0132]/value","inputs":[{"suffix":"code","type":"CODED_TEXT","list":[{"value":"at0133","label":"Ja","localizedLabels":{"nb":"Ja","en":"*Ja (nb)"},"localizedDescriptions":{"nb":"","en":"* (nb)"}},{"value":"at0134","label":"Nei","localizedLabels":{"nb":"Nei","en":"*Nei (nb)"},"localizedDescriptions":{"nb":"","en":"* (nb)"}}],"listOpen":false}],"formId":"helseopplysninger_hn_v01/helseopplysninger/mat,_livsstil_og_dagligliv/klarer_du_å_dusje,_kle_på_deg_og_utføre_daglige_gjøremål_selv","viewConfig":{"multiplicity":{"min":0,"max":1},"advanced":{"hidden":false,"readonly":false,"hideFrame":false,"render":false},"label":{"custom":false,"useLocalizations":false},"size":{"field":"inherit","label":"inherit"},"layout":{"label":{"valign":"inherit","align":"inherit"},"field":{"valign":"inherit","align":"inherit"}},"annotations":{},"field":{"code":{"presentation":"radios","columns":"2"}}}},{"name":"Hva trenger du hjelp til?","localizedName":"Hva trenger du hjelp til?","localizedNames":{"en":"*Hva trenger du hjelp til? (nb)","nb":"Hva trenger du hjelp til?"},"localizedDescriptions":{"nb":"","en":"* (nb)"},"rmType":"DV_TEXT","nodeId":"at0135","min":0,"max":1,"aqlPath":"/content[openEHR-EHR-EVALUATION.helseopplysninger_helse_nord.v1]/data[at0001]/items[at0122]/items[at0135]/value","inputs":[{"type":"TEXT","list":[],"listOpen":false}],"formId":"helseopplysninger_hn_v01/helseopplysninger/mat,_livsstil_og_dagligliv/hva_trenger_du_hjelp_til","viewConfig":{"multiplicity":{"min":0,"max":1},"advanced":{"hidden":false,"readonly":false,"hideFrame":false,"render":false},"label":{"custom":false,"useLocalizations":false},"size":{"field":"inherit","label":"inherit"},"layout":{"label":{"valign":"inherit","align":"inherit"},"field":{"valign":"inherit","align":"inherit"}},"annotations":{},"field":{"lines":null,"input":{},"formatting":null}}},{"name":"Har du problemer med syn, hørsel eller å snakke?","localizedName":"Har du problemer med syn, hørsel eller å snakke?","localizedNames":{"en":"*Har du problemer med syn, hørsel eller å snakke? (nb)","nb":"Har du problemer med syn, hørsel eller å snakke?"},"localizedDescriptions":{"nb":"","en":"* (nb)"},"rmType":"DV_CODED_TEXT","nodeId":"at0136","min":0,"max":1,"aqlPath":"/content[openEHR-EHR-EVALUATION.helseopplysninger_helse_nord.v1]/data[at0001]/items[at0122]/items[at0136]/value","inputs":[{"suffix":"code","type":"CODED_TEXT","list":[{"value":"at0137","label":"Ja","localizedLabels":{"nb":"Ja","en":"*Ja (nb)"},"localizedDescriptions":{"nb":"","en":"* (nb)"}},{"value":"at0138","label":"Nei","localizedLabels":{"nb":"Nei","en":"*Nei (nb)"},"localizedDescriptions":{"nb":"","en":"* (nb)"}}],"listOpen":false}],"formId":"helseopplysninger_hn_v01/helseopplysninger/mat,_livsstil_og_dagligliv/har_du_problemer_med_syn,_hørsel_eller_å_snakke","viewConfig":{"multiplicity":{"min":0,"max":1},"advanced":{"hidden":false,"readonly":false,"hideFrame":false,"render":false},"label":{"custom":false,"useLocalizations":false},"size":{"field":"inherit","label":"inherit"},"layout":{"label":{"valign":"inherit","align":"inherit"},"field":{"valign":"inherit","align":"inherit"}},"annotations":{},"field":{"code":{"presentation":"radios","columns":"2"}}}},{"name":"Beskriv","localizedName":"Beskriv","localizedNames":{"en":"*Beskriv (nb)","nb":"Beskriv"},"localizedDescriptions":{"nb":"","en":"* (nb)"},"rmType":"DV_TEXT","nodeId":"at0139","min":0,"max":1,"aqlPath":"/content[openEHR-EHR-EVALUATION.helseopplysninger_helse_nord.v1]/data[at0001]/items[at0122]/items[at0139]/value","inputs":[{"type":"TEXT","list":[],"listOpen":false}],"formId":"helseopplysninger_hn_v01/helseopplysninger/mat,_livsstil_og_dagligliv/beskriv2","viewConfig":{"multiplicity":{"min":0,"max":1},"advanced":{"hidden":false,"readonly":false,"hideFrame":false,"render":false},"label":{"custom":false,"useLocalizations":false},"size":{"field":"inherit","label":"inherit"},"layout":{"label":{"valign":"inherit","align":"inherit"},"field":{"valign":"inherit","align":"inherit"}},"annotations":{},"field":{"lines":null,"input":{},"formatting":null}}}]},{"name":"Høyde og vekt","localizedName":"Høyde og vekt","localizedNames":{"en":"*Høyde og vekt (nb)","nb":"Høyde og vekt"},"localizedDescriptions":{"nb":"","en":"* (nb)"},"rmType":"CLUSTER","nodeId":"at0140","min":1,"max":1,"aqlPath":"/content[openEHR-EHR-EVALUATION.helseopplysninger_helse_nord.v1]/data[at0001]/items[at0140]","inputs":[],"formId":"helseopplysninger_hn_v01/helseopplysninger/høyde_og_vekt","viewConfig":{"multiplicity":{"min":1,"max":1},"advanced":{"hidden":false,"readonly":false,"hideFrame":false,"render":false},"label":{"custom":false,"useLocalizations":false},"size":{"field":"inherit","label":"inherit"},"layout":{"label":{"valign":"inherit","align":"inherit"},"field":{"valign":"inherit","align":"inherit"}},"annotations":{},"field":{}},"children":[{"name":"Høyde","localizedName":"Høyde","localizedNames":{"en":"*Høyde (nb)","nb":"Høyde"},"localizedDescriptions":{"nb":"","en":"* (nb)"},"rmType":"DV_QUANTITY","nodeId":"at0141","min":0,"max":1,"aqlPath":"/content[openEHR-EHR-EVALUATION.helseopplysninger_helse_nord.v1]/data[at0001]/items[at0140]/items[at0141]/value","inputs":[{"suffix":"magnitude","type":"DECIMAL","defaultValue":"","listOpen":false},{"suffix":"unit","type":"CODED_TEXT","list":[{"value":"cm","label":"cm","validation":{"range":{"minOp":">","maxOp":"<"}},"localizedLabels":{},"localizedDescriptions":{}}],"listOpen":false}],"formId":"helseopplysninger_hn_v01/helseopplysninger/høyde_og_vekt/høyde","viewConfig":{"multiplicity":{"min":0,"max":1},"advanced":{"hidden":false,"readonly":false,"hideFrame":false,"render":false},"label":{"custom":false,"useLocalizations":false},"size":{"field":"inherit","label":"inherit"},"layout":{"label":{"valign":"inherit","align":"inherit"},"field":{"valign":"inherit","align":"inherit"}},"annotations":{},"field":{}}},{"name":"Vekt","localizedName":"Vekt","localizedNames":{"en":"*Vekt (nb)","nb":"Vekt"},"localizedDescriptions":{"nb":"","en":"* (nb)"},"rmType":"DV_QUANTITY","nodeId":"at0142","min":0,"max":1,"aqlPath":"/content[openEHR-EHR-EVALUATION.helseopplysninger_helse_nord.v1]/data[at0001]/items[at0140]/items[at0142]/value","inputs":[{"suffix":"magnitude","type":"DECIMAL","defaultValue":"","listOpen":false},{"suffix":"unit","type":"CODED_TEXT","list":[{"value":"kg","label":"kg","validation":{"range":{"minOp":">","maxOp":"<"}},"localizedLabels":{},"localizedDescriptions":{}}],"listOpen":false}],"formId":"helseopplysninger_hn_v01/helseopplysninger/høyde_og_vekt/vekt","viewConfig":{"multiplicity":{"min":0,"max":1},"advanced":{"hidden":false,"readonly":false,"hideFrame":false,"render":false},"label":{"custom":false,"useLocalizations":false},"size":{"field":"inherit","label":"inherit"},"layout":{"label":{"valign":"inherit","align":"inherit"},"field":{"valign":"inherit","align":"inherit"}},"annotations":{},"field":{}}}]}]}]}]}