[{"field":"helseopplysninger_hn_v01/helseopplysninger/behov_for_tolk/er_det_nødvendig_med_tolk","conditions":[{"operator":"equals","value":{"code":"at0004"},"actions":[{"action":"show","target":"helseopplysninger_hn_v01/helseopplysninger/behov_for_tolk/hvilket_språk_(inkludert_f.eks_tegnspråk)"},{"action":"show","target":"helseopplysninger_hn_v01/helseopplysninger/behov_for_tolk/hvilket_land_region_dialekt"}]},{"operator":"notequals","value":{"code":"at0004"},"actions":[{"action":"hide","target":"helseopplysninger_hn_v01/helseopplysninger/behov_for_tolk/hvilket_språk_(inkludert_f.eks_tegnspråk)"},{"action":"clear","target":"helseopplysninger_hn_v01/helseopplysninger/behov_for_tolk/hvilket_språk_(inkludert_f.eks_tegnspråk)"},{"action":"hide","target":"helseopplysninger_hn_v01/helseopplysninger/behov_for_tolk/hvilket_land_region_dialekt"},{"action":"clear","target":"helseopplysninger_hn_v01/helseopplysninger/behov_for_tolk/hvilket_land_region_dialekt"}]}]},{"field":"helseopplysninger_hn_v01/helseopplysninger/behov_for_tolk/er_det_nødvendig_med_annen_type_kommunikasjonsstøtte","conditions":[{"operator":"equals","value":{"code":"at0009"},"actions":[{"action":"show","target":"helseopplysninger_hn_v01/helseopplysninger/behov_for_tolk/hvilken_type"}]},{"operator":"notequals","value":{"code":"at0009"},"actions":[{"action":"hide","target":"helseopplysninger_hn_v01/helseopplysninger/behov_for_tolk/hvilken_type"},{"action":"clear","target":"helseopplysninger_hn_v01/helseopplysninger/behov_for_tolk/hvilken_type"}]}]},{"field":"helseopplysninger_hn_v01/helseopplysninger/sykdommer/har_du,_eller_har_du_hatt,_hjerte-og_karsykdom","conditions":[{"operator":"equals","value":{"code":"at0029"},"actions":[{"action":"show","target":"helseopplysninger_hn_v01/helseopplysninger/sykdommer/beskrivelse"}]},{"operator":"notequals","value":{"code":"at0029"},"actions":[{"action":"hide","target":"helseopplysninger_hn_v01/helseopplysninger/sykdommer/beskrivelse"},{"action":"clear","target":"helseopplysninger_hn_v01/helseopplysninger/sykdommer/beskrivelse"}]}]},{"field":"helseopplysninger_hn_v01/helseopplysninger/sykdommer/får_du_brystsmerter_eller_blir_du_tungpustet_når_du_går_opp_trapper_i_normalt_tempo","conditions":[{"operator":"equals","value":{"code":"at0034"},"actions":[{"action":"show","target":"helseopplysninger_hn_v01/helseopplysninger/sykdommer/beskrivelse2"}]},{"operator":"notequals","value":{"code":"at0034"},"actions":[{"action":"hide","target":"helseopplysninger_hn_v01/helseopplysninger/sykdommer/beskrivelse2"},{"action":"clear","target":"helseopplysninger_hn_v01/helseopplysninger/sykdommer/beskrivelse2"}]}]},{"field":"helseopplysninger_hn_v01/helseopplysninger/sykdommer/har_du,_eller_har_du_hatt,_lungesykdom","conditions":[{"operator":"equals","value":{"code":"at0041"},"actions":[{"action":"show","target":"helseopplysninger_hn_v01/helseopplysninger/sykdommer/beskrivelse4"}]},{"operator":"notequals","value":{"code":"at0041"},"actions":[{"action":"hide","target":"helseopplysninger_hn_v01/helseopplysninger/sykdommer/beskrivelse4"},{"action":"clear","target":"helseopplysninger_hn_v01/helseopplysninger/sykdommer/beskrivelse4"}]}]},{"field":"helseopplysninger_hn_v01/helseopplysninger/sykdommer/har_du_økt_blødningstendens","conditions":[{"operator":"equals","value":{"code":"at0046"},"actions":[{"action":"show","target":"helseopplysninger_hn_v01/helseopplysninger/sykdommer/beskrivelse5"}]},{"operator":"notequals","value":{"code":"at0046"},"actions":[{"action":"hide","target":"helseopplysninger_hn_v01/helseopplysninger/sykdommer/beskrivelse5"},{"action":"clear","target":"helseopplysninger_hn_v01/helseopplysninger/sykdommer/beskrivelse5"}]}]},{"field":"helseopplysninger_hn_v01/helseopplysninger/sykdommer/har_du,_eller_har_du_hatt,_nevrologisk_sykdom","conditions":[{"operator":"equals","value":{"code":"at0051"},"actions":[{"action":"show","target":"helseopplysninger_hn_v01/helseopplysninger/sykdommer/beskrivelse6"}]},{"operator":"notequals","value":{"code":"at0051"},"actions":[{"action":"hide","target":"helseopplysninger_hn_v01/helseopplysninger/sykdommer/beskrivelse6"},{"action":"clear","target":"helseopplysninger_hn_v01/helseopplysninger/sykdommer/beskrivelse6"}]}]},{"field":"helseopplysninger_hn_v01/helseopplysninger/sykdommer/har_du,_eller_har_du_hatt,_nyresykdom","conditions":[{"operator":"equals","value":{"code":"at0055"},"actions":[{"action":"show","target":"helseopplysninger_hn_v01/helseopplysninger/sykdommer/beskrivelse7"}]},{"operator":"notequals","value":{"code":"at0055"},"actions":[{"action":"hide","target":"helseopplysninger_hn_v01/helseopplysninger/sykdommer/beskrivelse7"},{"action":"clear","target":"helseopplysninger_hn_v01/helseopplysninger/sykdommer/beskrivelse7"}]}]},{"field":"helseopplysninger_hn_v01/helseopplysninger/sykdommer/har_du,_eller_har_du_hatt_leversykdom","conditions":[{"operator":"equals","value":{"code":"at0061"},"actions":[{"action":"show","target":"helseopplysninger_hn_v01/helseopplysninger/sykdommer/beskrivelse8"}]},{"operator":"notequals","value":{"code":"at0061"},"actions":[{"action":"hide","target":"helseopplysninger_hn_v01/helseopplysninger/sykdommer/beskrivelse8"},{"action":"clear","target":"helseopplysninger_hn_v01/helseopplysninger/sykdommer/beskrivelse8"}]}]},{"field":"helseopplysninger_hn_v01/helseopplysninger/sykdommer/har_du,_eller_har_du_hatt,_diabetes","conditions":[{"operator":"equals","value":{"code":"at0066"},"actions":[{"action":"show","target":"helseopplysninger_hn_v01/helseopplysninger/sykdommer/beskrivelse9"}]},{"operator":"notequals","value":{"code":"at0066"},"actions":[{"action":"hide","target":"helseopplysninger_hn_v01/helseopplysninger/sykdommer/beskrivelse9"},{"action":"clear","target":"helseopplysninger_hn_v01/helseopplysninger/sykdommer/beskrivelse9"}]}]},{"field":"helseopplysninger_hn_v01/helseopplysninger/sykdommer/har_du,_eller_har_du_hatt,_problemer_med_stoffskifte","conditions":[{"operator":"equals","value":{"code":"at0071"},"actions":[{"action":"show","target":"helseopplysninger_hn_v01/helseopplysninger/sykdommer/beskrivelse10"}]},{"operator":"notequals","value":{"code":"at0071"},"actions":[{"action":"hide","target":"helseopplysninger_hn_v01/helseopplysninger/sykdommer/beskrivelse10"},{"action":"clear","target":"helseopplysninger_hn_v01/helseopplysninger/sykdommer/beskrivelse10"}]}]},{"field":"helseopplysninger_hn_v01/helseopplysninger/sykdommer/har_du_leddgikt_eller_muskel-og_skjelettsykdom","conditions":[{"operator":"equals","value":{"code":"at0076"},"actions":[{"action":"show","target":"helseopplysninger_hn_v01/helseopplysninger/sykdommer/beskrivelse11"}]},{"operator":"notequals","value":{"code":"at0076"},"actions":[{"action":"hide","target":"helseopplysninger_hn_v01/helseopplysninger/sykdommer/beskrivelse11"},{"action":"clear","target":"helseopplysninger_hn_v01/helseopplysninger/sykdommer/beskrivelse11"}]}]},{"field":"helseopplysninger_hn_v01/helseopplysninger/sykdommer/har_du,_eller_har_du_hatt,_problemer_med_mage_eller_tarm","conditions":[{"operator":"equals","value":{"code":"at0081"},"actions":[{"action":"show","target":"helseopplysninger_hn_v01/helseopplysninger/sykdommer/beskrivelse12"}]},{"operator":"notequals","value":{"code":"at0081"},"actions":[{"action":"hide","target":"helseopplysninger_hn_v01/helseopplysninger/sykdommer/beskrivelse12"},{"action":"clear","target":"helseopplysninger_hn_v01/helseopplysninger/sykdommer/beskrivelse12"}]}]},{"field":"helseopplysninger_hn_v01/helseopplysninger/sykdommer/har_du,_eller_har_du_hatt,_psykiske_sykdommer","conditions":[{"operator":"equals","value":{"code":"at0086"},"actions":[{"action":"show","target":"helseopplysninger_hn_v01/helseopplysninger/sykdommer/beskrivelse13"}]},{"operator":"notequals","value":{"code":"at0086"},"actions":[{"action":"hide","target":"helseopplysninger_hn_v01/helseopplysninger/sykdommer/beskrivelse13"},{"action":"clear","target":"helseopplysninger_hn_v01/helseopplysninger/sykdommer/beskrivelse13"}]}]},{"field":"helseopplysninger_hn_v01/helseopplysninger/sykdommer/har_du,_eller_har_du_hatt,_rusavhengighet_(inkl._alkoholavhengighet)","conditions":[{"operator":"equals","value":{"code":"at0091"},"actions":[{"action":"show","target":"helseopplysninger_hn_v01/helseopplysninger/sykdommer/beskrivelse14"}]},{"operator":"notequals","value":{"code":"at0091"},"actions":[{"action":"hide","target":"helseopplysninger_hn_v01/helseopplysninger/sykdommer/beskrivelse14"},{"action":"clear","target":"helseopplysninger_hn_v01/helseopplysninger/sykdommer/beskrivelse14"}]}]},{"field":"helseopplysninger_hn_v01/helseopplysninger/sykdommer/har_du_smittsom_sykdom","conditions":[{"operator":"equals","value":{"code":"at0096"},"actions":[{"action":"show","target":"helseopplysninger_hn_v01/helseopplysninger/sykdommer/beskrivelse15"}]},{"operator":"notequals","value":{"code":"at0096"},"actions":[{"action":"hide","target":"helseopplysninger_hn_v01/helseopplysninger/sykdommer/beskrivelse15"},{"action":"clear","target":"helseopplysninger_hn_v01/helseopplysninger/sykdommer/beskrivelse15"}]}]},{"field":"helseopplysninger_hn_v01/helseopplysninger/sykdommer/har_du_annen_helseinformasjon_eller_sykdom_som_vi_bør_vite_om","conditions":[{"operator":"equals","value":{"code":"at0101"},"actions":[{"action":"show","target":"helseopplysninger_hn_v01/helseopplysninger/sykdommer/beskrivelse16"}]},{"operator":"notequals","value":{"code":"at0101"},"actions":[{"action":"hide","target":"helseopplysninger_hn_v01/helseopplysninger/sykdommer/beskrivelse16"},{"action":"clear","target":"helseopplysninger_hn_v01/helseopplysninger/sykdommer/beskrivelse16"}]}]},{"field":"helseopplysninger_hn_v01/helseopplysninger/medisiner/bruker_du_noen_faste_medisiner","conditions":[{"operator":"equals","value":{"code":"at0108"},"actions":[{"action":"show","target":"generic-field-64181"}]},{"operator":"notequals","value":{"code":"at0108"},"actions":[{"action":"hide","target":"generic-field-64181"},{"action":"clear","target":"generic-field-64181"}]}]},{"field":"helseopplysninger_hn_v01/helseopplysninger/medisiner/jeg_bruker_blodfortynnende_medisiner","conditions":[{"operator":"is","value":{"value":"True"},"actions":[{"action":"show","target":"helseopplysninger_hn_v01/helseopplysninger/medisiner/vennligst_spesifiser_hvilke_blodfortynnende_medisiner_du_bruker,_dosering_og_hvorfor_du_bruker_disse"}]},{"operator":"isnot","value":{"value":"True"},"actions":[{"action":"hide","target":"helseopplysninger_hn_v01/helseopplysninger/medisiner/vennligst_spesifiser_hvilke_blodfortynnende_medisiner_du_bruker,_dosering_og_hvorfor_du_bruker_disse"},{"action":"clear","target":"helseopplysninger_hn_v01/helseopplysninger/medisiner/vennligst_spesifiser_hvilke_blodfortynnende_medisiner_du_bruker,_dosering_og_hvorfor_du_bruker_disse"}]}]},{"field":"helseopplysninger_hn_v01/helseopplysninger/medisiner/jeg_bruker_andre_reseptbelagte_medisiner._gjelder_også_prevensjonsmidler.","conditions":[{"operator":"is","value":{"value":"True"},"actions":[{"action":"show","target":"helseopplysninger_hn_v01/helseopplysninger/medisiner/vennligst_spesifiser_hvilke_andre_reseptbelagte_medisiner_(inkl._prevensjon)_du_bruker,_dosering_og_hvorfor_du_bruker_disse"}]},{"operator":"isnot","value":{"value":"True"},"actions":[{"action":"hide","target":"helseopplysninger_hn_v01/helseopplysninger/medisiner/vennligst_spesifiser_hvilke_andre_reseptbelagte_medisiner_(inkl._prevensjon)_du_bruker,_dosering_og_hvorfor_du_bruker_disse"},{"action":"clear","target":"helseopplysninger_hn_v01/helseopplysninger/medisiner/vennligst_spesifiser_hvilke_andre_reseptbelagte_medisiner_(inkl._prevensjon)_du_bruker,_dosering_og_hvorfor_du_bruker_disse"}]}]},{"field":"helseopplysninger_hn_v01/helseopplysninger/medisiner/jeg_bruker_reseptfrie_medisiner,_kosttilskudd_eller_naturmedisin","conditions":[{"operator":"is","value":{"value":"True"},"actions":[{"action":"show","target":"helseopplysninger_hn_v01/helseopplysninger/medisiner/vennligst_spesifiser_hvilke_reseptfrie_medisiner,_kosttilskudd_eller_naturmedisin_du_bruker,_dosering,_og_hvorfor_du_bruker_disse"}]},{"operator":"isnot","value":{"value":"True"},"actions":[{"action":"hide","target":"helseopplysninger_hn_v01/helseopplysninger/medisiner/vennligst_spesifiser_hvilke_reseptfrie_medisiner,_kosttilskudd_eller_naturmedisin_du_bruker,_dosering,_og_hvorfor_du_bruker_disse"},{"action":"clear","target":"helseopplysninger_hn_v01/helseopplysninger/medisiner/vennligst_spesifiser_hvilke_reseptfrie_medisiner,_kosttilskudd_eller_naturmedisin_du_bruker,_dosering,_og_hvorfor_du_bruker_disse"}]}]},{"field":"helseopplysninger_hn_v01/helseopplysninger/medisiner/er_du_allergisk_mot_noen_typer_antibiotika_eller_andre_medisiner","conditions":[{"operator":"equals","value":{"code":"at0117"},"actions":[{"action":"show","target":"helseopplysninger_hn_v01/helseopplysninger/medisiner/beskriv_hvilke_medisiner_du_er_allergisk_mot_og_hvordan_du_reagerer"}]},{"operator":"notequals","value":{"code":"at0117"},"actions":[{"action":"hide","target":"helseopplysninger_hn_v01/helseopplysninger/medisiner/beskriv_hvilke_medisiner_du_er_allergisk_mot_og_hvordan_du_reagerer"},{"action":"clear","target":"helseopplysninger_hn_v01/helseopplysninger/medisiner/beskriv_hvilke_medisiner_du_er_allergisk_mot_og_hvordan_du_reagerer"}]}]},{"field":"helseopplysninger_hn_v01/helseopplysninger/mat,_livsstil_og_dagligliv/har_du_behov_for_spesiell_kost","conditions":[{"operator":"equals","value":{"code":"at0124"},"actions":[{"action":"show","target":"helseopplysninger_hn_v01/helseopplysninger/mat,_livsstil_og_dagligliv/beskriv"}]},{"operator":"notequals","value":{"code":"at0124"},"actions":[{"action":"hide","target":"helseopplysninger_hn_v01/helseopplysninger/mat,_livsstil_og_dagligliv/beskriv"},{"action":"clear","target":"helseopplysninger_hn_v01/helseopplysninger/mat,_livsstil_og_dagligliv/beskriv"}]}]},{"field":"helseopplysninger_hn_v01/helseopplysninger/mat,_livsstil_og_dagligliv/er_du_allergisk_mot_matvarer,_pollen,_lateks,_nikkel_eller_annet","conditions":[{"operator":"equals","value":{"code":"at0128"},"actions":[{"action":"show","target":"helseopplysninger_hn_v01/helseopplysninger/mat,_livsstil_og_dagligliv/hva_er_du_allergisk_mot_og_hvordan_reagerer_du"}]},{"operator":"notequals","value":{"code":"at0128"},"actions":[{"action":"hide","target":"helseopplysninger_hn_v01/helseopplysninger/mat,_livsstil_og_dagligliv/hva_er_du_allergisk_mot_og_hvordan_reagerer_du"},{"action":"clear","target":"helseopplysninger_hn_v01/helseopplysninger/mat,_livsstil_og_dagligliv/hva_er_du_allergisk_mot_og_hvordan_reagerer_du"}]}]},{"field":"helseopplysninger_hn_v01/helseopplysninger/mat,_livsstil_og_dagligliv/klarer_du_å_dusje,_kle_på_deg_og_utføre_daglige_gjøremål_selv","conditions":[{"operator":"equals","value":{"code":"at0133"},"actions":[{"action":"show","target":"helseopplysninger_hn_v01/helseopplysninger/mat,_livsstil_og_dagligliv/hva_trenger_du_hjelp_til"}]},{"operator":"notequals","value":{"code":"at0133"},"actions":[{"action":"hide","target":"helseopplysninger_hn_v01/helseopplysninger/mat,_livsstil_og_dagligliv/hva_trenger_du_hjelp_til"},{"action":"clear","target":"helseopplysninger_hn_v01/helseopplysninger/mat,_livsstil_og_dagligliv/hva_trenger_du_hjelp_til"}]}]},{"field":"helseopplysninger_hn_v01/helseopplysninger/mat,_livsstil_og_dagligliv/har_du_problemer_med_syn,_hørsel_eller_å_snakke","conditions":[{"operator":"equals","value":{"code":"at0137"},"actions":[{"action":"show","target":"helseopplysninger_hn_v01/helseopplysninger/mat,_livsstil_og_dagligliv/beskriv2"}]},{"operator":"notequals","value":{"code":"at0137"},"actions":[{"action":"hide","target":"helseopplysninger_hn_v01/helseopplysninger/mat,_livsstil_og_dagligliv/beskriv2"},{"action":"clear","target":"helseopplysninger_hn_v01/helseopplysninger/mat,_livsstil_og_dagligliv/beskriv2"}]}]},{"field":"helseopplysninger_hn_v01/helseopplysninger/behov_for_tolk/reise_utenfor_norden/nei,_ingen_av_valgene_over_gjelder_meg","conditions":[{"operator":"is","value":{"value":"True"},"actions":[{"action":"hide","target":"helseopplysninger_hn_v01/helseopplysninger/behov_for_tolk/reise_utenfor_norden/har_du_etter_hjemkomst_tatt_en_mrsa-prøve"},{"action":"clear","target":"helseopplysninger_hn_v01/helseopplysninger/behov_for_tolk/reise_utenfor_norden/har_du_etter_hjemkomst_tatt_en_mrsa-prøve"},{"action":"hide","target":"helseopplysninger_hn_v01/helseopplysninger/behov_for_tolk/reise_utenfor_norden/vært_innlagt_i_helseinstitusjon"},{"action":"clear","target":"helseopplysninger_hn_v01/helseopplysninger/behov_for_tolk/reise_utenfor_norden/vært_innlagt_i_helseinstitusjon"},{"action":"hide","target":"helseopplysninger_hn_v01/helseopplysninger/behov_for_tolk/reise_utenfor_norden/fått_omfattende_undersøkelse_eller_behandling_i_en_helsetjeneste_eller_hos_tannlege"},{"action":"clear","target":"helseopplysninger_hn_v01/helseopplysninger/behov_for_tolk/reise_utenfor_norden/fått_omfattende_undersøkelse_eller_behandling_i_en_helsetjeneste_eller_hos_tannlege"},{"action":"hide","target":"helseopplysninger_hn_v01/helseopplysninger/behov_for_tolk/reise_utenfor_norden/arbeidet_som_helsearbeider"},{"action":"clear","target":"helseopplysninger_hn_v01/helseopplysninger/behov_for_tolk/reise_utenfor_norden/arbeidet_som_helsearbeider"},{"action":"hide","target":"helseopplysninger_hn_v01/helseopplysninger/behov_for_tolk/reise_utenfor_norden/oppholdt_deg_i_barnehjem_eller_flyktningleir"},{"action":"clear","target":"helseopplysninger_hn_v01/helseopplysninger/behov_for_tolk/reise_utenfor_norden/oppholdt_deg_i_barnehjem_eller_flyktningleir"}]},{"operator":"isnot","value":{"value":"True"},"actions":[{"action":"show","target":"helseopplysninger_hn_v01/helseopplysninger/behov_for_tolk/reise_utenfor_norden/har_du_etter_hjemkomst_tatt_en_mrsa-prøve"},{"action":"show","target":"helseopplysninger_hn_v01/helseopplysninger/behov_for_tolk/reise_utenfor_norden/vært_innlagt_i_helseinstitusjon"},{"action":"show","target":"helseopplysninger_hn_v01/helseopplysninger/behov_for_tolk/reise_utenfor_norden/fått_omfattende_undersøkelse_eller_behandling_i_en_helsetjeneste_eller_hos_tannlege"},{"action":"show","target":"helseopplysninger_hn_v01/helseopplysninger/behov_for_tolk/reise_utenfor_norden/arbeidet_som_helsearbeider"},{"action":"show","target":"helseopplysninger_hn_v01/helseopplysninger/behov_for_tolk/reise_utenfor_norden/oppholdt_deg_i_barnehjem_eller_flyktningleir"}]}]},{"field":"helseopplysninger_hn_v01/helseopplysninger/sykdommer/har_du_høyt_blodtrykk_(hypertensjon)","conditions":[{"operator":"equals","value":{"code":"at0143"},"actions":[{"action":"show","target":"helseopplysninger_hn_v01/helseopplysninger/sykdommer/beskrivelse3"}]},{"operator":"notequals","value":{"code":"at0143"},"actions":[{"action":"hide","target":"helseopplysninger_hn_v01/helseopplysninger/sykdommer/beskrivelse3"},{"action":"clear","target":"helseopplysninger_hn_v01/helseopplysninger/sykdommer/beskrivelse3"}]}]}]