[{"col":1,"row":1,"width":18,"height":182,"children":[{"id":"helseopplysninger_hn_v01","rows":[{"cols":[{"width":"100%","children":[{"id":"helseopplysninger_hn_v01/start_time","rows":[]},{"id":"helseopplysninger_hn_v01/helseopplysninger","rows":[{"cols":[{"width":"100%","children":[{"id":"helseopplysninger_hn_v01/helseopplysninger/behov_for_tolk","rows":[{"cols":[{"width":"100%","children":[{"id":"helseopplysninger_hn_v01/helseopplysninger/behov_for_tolk/er_det_nødvendig_med_tolk","rows":[]},{"id":"helseopplysninger_hn_v01/helseopplysninger/behov_for_tolk/hvilket_språk_(inkludert_f.eks_tegnspråk)","rows":[]},{"id":"helseopplysninger_hn_v01/helseopplysninger/behov_for_tolk/hvilket_land_region_dialekt","rows":[]},{"id":"helseopplysninger_hn_v01/helseopplysninger/behov_for_tolk/er_det_nødvendig_med_annen_type_kommunikasjonsstøtte","rows":[]},{"id":"helseopplysninger_hn_v01/helseopplysninger/behov_for_tolk/hvilken_type","rows":[]},{"id":"helseopplysninger_hn_v01/helseopplysninger/behov_for_tolk/reise_utenfor_norden","rows":[{"cols":[{"width":"100%","children":[{"id":"helseopplysninger_hn_v01/helseopplysninger/behov_for_tolk/reise_utenfor_norden/vært_innlagt_i_helseinstitusjon","rows":[]},{"id":"helseopplysninger_hn_v01/helseopplysninger/behov_for_tolk/reise_utenfor_norden/fått_omfattende_undersøkelse_eller_behandling_i_en_helsetjeneste_eller_hos_tannlege","rows":[]},{"id":"helseopplysninger_hn_v01/helseopplysninger/behov_for_tolk/reise_utenfor_norden/arbeidet_som_helsearbeider","rows":[]},{"id":"helseopplysninger_hn_v01/helseopplysninger/behov_for_tolk/reise_utenfor_norden/oppholdt_deg_i_barnehjem_eller_flyktningleir","rows":[]},{"id":"helseopplysninger_hn_v01/helseopplysninger/behov_for_tolk/reise_utenfor_norden/nei,_ingen_av_valgene_over_gjelder_meg","rows":[]},{"id":"helseopplysninger_hn_v01/helseopplysninger/behov_for_tolk/reise_utenfor_norden/har_du_etter_hjemkomst_tatt_en_mrsa-prøve","rows":[]}]}]}]}]}]}]},{"id":"helseopplysninger_hn_v01/helseopplysninger/sykdommer","rows":[{"cols":[{"width":"100%","children":[{"id":"helseopplysninger_hn_v01/helseopplysninger/sykdommer/har_du,_eller_har_du_hatt,_hjerte-og_karsykdom","rows":[]},{"id":"helseopplysninger_hn_v01/helseopplysninger/sykdommer/beskrivelse","rows":[]},{"id":"helseopplysninger_hn_v01/helseopplysninger/sykdommer/får_du_brystsmerter_eller_blir_du_tungpustet_når_du_går_opp_trapper_i_normalt_tempo","rows":[]},{"id":"helseopplysninger_hn_v01/helseopplysninger/sykdommer/beskrivelse2","rows":[]},{"id":"helseopplysninger_hn_v01/helseopplysninger/sykdommer/har_du_høyt_blodtrykk_(hypertensjon)","rows":[]},{"id":"helseopplysninger_hn_v01/helseopplysninger/sykdommer/beskrivelse3","rows":[]},{"id":"helseopplysninger_hn_v01/helseopplysninger/sykdommer/har_du,_eller_har_du_hatt,_lungesykdom","rows":[]},{"id":"helseopplysninger_hn_v01/helseopplysninger/sykdommer/beskrivelse4","rows":[]},{"id":"helseopplysninger_hn_v01/helseopplysninger/sykdommer/har_du_økt_blødningstendens","rows":[]},{"id":"helseopplysninger_hn_v01/helseopplysninger/sykdommer/beskrivelse5","rows":[]},{"id":"helseopplysninger_hn_v01/helseopplysninger/sykdommer/har_du,_eller_har_du_hatt,_nevrologisk_sykdom","rows":[]},{"id":"helseopplysninger_hn_v01/helseopplysninger/sykdommer/beskrivelse6","rows":[]},{"id":"helseopplysninger_hn_v01/helseopplysninger/sykdommer/har_du,_eller_har_du_hatt,_nyresykdom","rows":[]},{"id":"helseopplysninger_hn_v01/helseopplysninger/sykdommer/beskrivelse7","rows":[]},{"id":"helseopplysninger_hn_v01/helseopplysninger/sykdommer/har_du,_eller_har_du_hatt_leversykdom","rows":[]},{"id":"helseopplysninger_hn_v01/helseopplysninger/sykdommer/beskrivelse8","rows":[]},{"id":"helseopplysninger_hn_v01/helseopplysninger/sykdommer/har_du,_eller_har_du_hatt,_diabetes","rows":[]},{"id":"helseopplysninger_hn_v01/helseopplysninger/sykdommer/beskrivelse9","rows":[]},{"id":"helseopplysninger_hn_v01/helseopplysninger/sykdommer/har_du,_eller_har_du_hatt,_problemer_med_stoffskifte","rows":[]},{"id":"helseopplysninger_hn_v01/helseopplysninger/sykdommer/beskrivelse10","rows":[]},{"id":"helseopplysninger_hn_v01/helseopplysninger/sykdommer/har_du_leddgikt_eller_muskel-og_skjelettsykdom","rows":[]},{"id":"helseopplysninger_hn_v01/helseopplysninger/sykdommer/beskrivelse11","rows":[]},{"id":"helseopplysninger_hn_v01/helseopplysninger/sykdommer/har_du,_eller_har_du_hatt,_problemer_med_mage_eller_tarm","rows":[]},{"id":"helseopplysninger_hn_v01/helseopplysninger/sykdommer/beskrivelse12","rows":[]},{"id":"helseopplysninger_hn_v01/helseopplysninger/sykdommer/har_du,_eller_har_du_hatt,_psykiske_sykdommer","rows":[]},{"id":"helseopplysninger_hn_v01/helseopplysninger/sykdommer/beskrivelse13","rows":[]},{"id":"helseopplysninger_hn_v01/helseopplysninger/sykdommer/har_du,_eller_har_du_hatt,_rusavhengighet_(inkl._alkoholavhengighet)","rows":[]},{"id":"helseopplysninger_hn_v01/helseopplysninger/sykdommer/beskrivelse14","rows":[]},{"id":"helseopplysninger_hn_v01/helseopplysninger/sykdommer/har_du_smittsom_sykdom","rows":[]},{"id":"helseopplysninger_hn_v01/helseopplysninger/sykdommer/beskrivelse15","rows":[]},{"id":"helseopplysninger_hn_v01/helseopplysninger/sykdommer/har_du_annen_helseinformasjon_eller_sykdom_som_vi_bør_vite_om","rows":[]},{"id":"helseopplysninger_hn_v01/helseopplysninger/sykdommer/beskrivelse16","rows":[]}]}]}]},{"id":"helseopplysninger_hn_v01/helseopplysninger/medisiner","rows":[{"cols":[{"width":"100%","children":[{"id":"helseopplysninger_hn_v01/helseopplysninger/medisiner/bruker_du_noen_faste_medisiner","rows":[]},{"id":"generic-field-64181","rows":[{"cols":[{"width":"100%","children":[{"id":"helseopplysninger_hn_v01/helseopplysninger/medisiner/jeg_bruker_blodfortynnende_medisiner","rows":[]},{"id":"helseopplysninger_hn_v01/helseopplysninger/medisiner/vennligst_spesifiser_hvilke_blodfortynnende_medisiner_du_bruker,_dosering_og_hvorfor_du_bruker_disse","rows":[]},{"id":"helseopplysninger_hn_v01/helseopplysninger/medisiner/jeg_bruker_andre_reseptbelagte_medisiner._gjelder_også_prevensjonsmidler.","rows":[]},{"id":"helseopplysninger_hn_v01/helseopplysninger/medisiner/vennligst_spesifiser_hvilke_andre_reseptbelagte_medisiner_(inkl._prevensjon)_du_bruker,_dosering_og_hvorfor_du_bruker_disse","rows":[]},{"id":"helseopplysninger_hn_v01/helseopplysninger/medisiner/jeg_bruker_reseptfrie_medisiner,_kosttilskudd_eller_naturmedisin","rows":[]},{"id":"helseopplysninger_hn_v01/helseopplysninger/medisiner/vennligst_spesifiser_hvilke_reseptfrie_medisiner,_kosttilskudd_eller_naturmedisin_du_bruker,_dosering,_og_hvorfor_du_bruker_disse","rows":[]},{"id":"helseopplysninger_hn_v01/helseopplysninger/medisiner/er_du_allergisk_mot_noen_typer_antibiotika_eller_andre_medisiner","rows":[]},{"id":"helseopplysninger_hn_v01/helseopplysninger/medisiner/beskriv_hvilke_medisiner_du_er_allergisk_mot_og_hvordan_du_reagerer","rows":[]}]}]}]}]}]}]},{"id":"helseopplysninger_hn_v01/helseopplysninger/mat,_livsstil_og_dagligliv","rows":[{"cols":[{"width":"100%","children":[{"id":"helseopplysninger_hn_v01/helseopplysninger/mat,_livsstil_og_dagligliv/har_du_behov_for_spesiell_kost","rows":[]},{"id":"helseopplysninger_hn_v01/helseopplysninger/mat,_livsstil_og_dagligliv/beskriv","rows":[]},{"id":"helseopplysninger_hn_v01/helseopplysninger/mat,_livsstil_og_dagligliv/er_du_allergisk_mot_matvarer,_pollen,_lateks,_nikkel_eller_annet","rows":[]},{"id":"helseopplysninger_hn_v01/helseopplysninger/mat,_livsstil_og_dagligliv/hva_er_du_allergisk_mot_og_hvordan_reagerer_du","rows":[]},{"id":"helseopplysninger_hn_v01/helseopplysninger/mat,_livsstil_og_dagligliv/klarer_du_å_dusje,_kle_på_deg_og_utføre_daglige_gjøremål_selv","rows":[]},{"id":"helseopplysninger_hn_v01/helseopplysninger/mat,_livsstil_og_dagligliv/hva_trenger_du_hjelp_til","rows":[]},{"id":"helseopplysninger_hn_v01/helseopplysninger/mat,_livsstil_og_dagligliv/har_du_problemer_med_syn,_hørsel_eller_å_snakke","rows":[]},{"id":"helseopplysninger_hn_v01/helseopplysninger/mat,_livsstil_og_dagligliv/beskriv2","rows":[]}]}]}]},{"id":"helseopplysninger_hn_v01/helseopplysninger/høyde_og_vekt","rows":[{"cols":[{"width":"100%","children":[{"id":"helseopplysninger_hn_v01/helseopplysninger/høyde_og_vekt/høyde","rows":[]},{"id":"helseopplysninger_hn_v01/helseopplysninger/høyde_og_vekt/vekt","rows":[]}]}]}]}]}]}]}]}]}]}]}]