[{"col":1,"row":1,"width":13,"height":540,"children":[{"id":"helseopplysninger","rows":[{"cols":[{"width":"100%","children":[{"id":"helseopplysninger/start_time","rows":[]},{"id":"helseopplysninger/telefonnummer@Telefonnummer","rows":[{"cols":[{"width":"100%","children":[{"id":"helseopplysninger/telefonnummer@Telefonnummer/skriv_inn_ditt_telefonnummer@Skriv inn ditt telefonnummer","rows":[]}]}]}]},{"id":"helseopplysninger/behov_for_tolk@Behov for tolk","rows":[{"cols":[{"width":"100%","children":[{"id":"helseopplysninger/behov_for_tolk@Behov for tolk/helsenorge_boolean_ja_nei_helse_nord/er_det_nødvendig_med_tolk@Er det nødvendig med tolk?","rows":[]},{"id":"helseopplysninger/behov_for_tolk@Behov for tolk/helseopplysninger_tolk_helse_nord/forespørsel_om_tolk/foretrukket_språk@Foretrukket språk/språk/hvilket_språk_(inkludert_f.eks_tegnspråk)@Hvilket språk? (Inkludert f.eks tegnspråk)","rows":[]},{"id":"helseopplysninger/behov_for_tolk@Behov for tolk/helseopplysninger_tolk_helse_nord/forespørsel_om_tolk/foretrukket_språk@Foretrukket språk/språk/hvilket_land_region_dialekt@Hvilket land/region/dialekt?","rows":[]}]}]}]},{"id":"helseopplysninger/kommunikasjonsstøtte@Kommunikasjonsstøtte","rows":[{"cols":[{"width":"100%","children":[{"id":"helseopplysninger/kommunikasjonsstøtte@Kommunikasjonsstøtte/helseopplysninger_kommunikasjon_helse_nord","rows":[{"cols":[{"width":"100%","children":[{"id":"helseopplysninger/kommunikasjonsstøtte@Kommunikasjonsstøtte/helseopplysninger_kommunikasjon_helse_nord/er_det_nødvendig_med_annen_type_kommunikasjonsstøtte","rows":[]}]}]}]},{"id":"helseopplysninger/kommunikasjonsstøtte@Kommunikasjonsstøtte/evne_til_kommunikasjon","rows":[{"cols":[{"width":"100%","children":[{"id":"helseopplysninger/kommunikasjonsstøtte@Kommunikasjonsstøtte/evne_til_kommunikasjon/beskrivelse","rows":[]}]}]}]}]}]}]},{"id":"helseopplysninger/reise_utenfor_norden@Reise utenfor norden","rows":[{"cols":[{"width":"100%","children":[{"id":"helseopplysninger/reise_utenfor_norden@Reise utenfor norden/helseopplysninger_antibiotikaresistente_bakterier_helse_nord","rows":[{"cols":[{"width":"100%","children":[{"id":"helseopplysninger/reise_utenfor_norden@Reise utenfor norden/helseopplysninger_antibiotikaresistente_bakterier_helse_nord/har_du_i_løpet_av_de_siste_12_måneder_vært_i_et_land_utenfor_norden,_hvor_du_har:@Har du i løpet av de siste 12 måneder vært i et land utenfor Norden, hvor du har:","rows":[{"cols":[{"width":"100%","children":[{"id":"helseopplysninger/reise_utenfor_norden@Reise utenfor norden/helseopplysninger_antibiotikaresistente_bakterier_helse_nord/har_du_i_løpet_av_de_siste_12_måneder_vært_i_et_land_utenfor_norden,_hvor_du_har:@Har du i løpet av de siste 12 måneder vært i et land utenfor Norden, hvor du har:/vært_innlagt_i_helseinstitusjon","rows":[]},{"id":"helseopplysninger/reise_utenfor_norden@Reise utenfor norden/helseopplysninger_antibiotikaresistente_bakterier_helse_nord/har_du_i_løpet_av_de_siste_12_måneder_vært_i_et_land_utenfor_norden,_hvor_du_har:@Har du i løpet av de siste 12 måneder vært i et land utenfor Norden, hvor du har:/fått_omfattende_undersøkelse_eller_behandling_i_en_helsetjeneste_eller_hos_tannlege","rows":[]},{"id":"helseopplysninger/reise_utenfor_norden@Reise utenfor norden/helseopplysninger_antibiotikaresistente_bakterier_helse_nord/har_du_i_løpet_av_de_siste_12_måneder_vært_i_et_land_utenfor_norden,_hvor_du_har:@Har du i løpet av de siste 12 måneder vært i et land utenfor Norden, hvor du har:/arbeidet_som_helsearbeider","rows":[]},{"id":"helseopplysninger/reise_utenfor_norden@Reise utenfor norden/helseopplysninger_antibiotikaresistente_bakterier_helse_nord/har_du_i_løpet_av_de_siste_12_måneder_vært_i_et_land_utenfor_norden,_hvor_du_har:@Har du i løpet av de siste 12 måneder vært i et land utenfor Norden, hvor du har:/oppholdt_deg_i_barnehjem_eller_flyktningleir","rows":[]},{"id":"helseopplysninger/reise_utenfor_norden@Reise utenfor norden/helseopplysninger_antibiotikaresistente_bakterier_helse_nord/har_du_i_løpet_av_de_siste_12_måneder_vært_i_et_land_utenfor_norden,_hvor_du_har:@Har du i løpet av de siste 12 måneder vært i et land utenfor Norden, hvor du har:/nei,_ingen_av_valgene_over_gjelder_meg","rows":[]},{"id":"helseopplysninger/reise_utenfor_norden@Reise utenfor norden/helseopplysninger_antibiotikaresistente_bakterier_helse_nord/har_du_i_løpet_av_de_siste_12_måneder_vært_i_et_land_utenfor_norden,_hvor_du_har:@Har du i løpet av de siste 12 måneder vært i et land utenfor Norden, hvor du har:/har_du_etter_hjemkomst_tatt_en_mrsa-prøve","rows":[]}]}]}]}]}]}]}]}]}]},{"id":"helseopplysninger/pårørende_og_barn_søsken_under_18@Pårørende og barn/søsken under 18","rows":[{"cols":[{"width":"100%","children":[{"id":"helseopplysninger/pårørende_og_barn_søsken_under_18@Pårørende og barn/søsken under 18/helseopplysninger_paarorende_helse_nord","rows":[{"cols":[{"width":"100%","children":[{"id":"helseopplysninger/pårørende_og_barn_søsken_under_18@Pårørende og barn/søsken under 18/helseopplysninger_paarorende_helse_nord/person","rows":[{"cols":[{"width":"100%","children":[{"id":"helseopplysninger/pårørende_og_barn_søsken_under_18@Pårørende og barn/søsken under 18/helseopplysninger_paarorende_helse_nord/person/fullt_navn_på_nærmeste_pårørende@Fullt navn på nærmeste pårørende","rows":[]},{"id":"helseopplysninger/pårørende_og_barn_søsken_under_18@Pårørende og barn/søsken under 18/helseopplysninger_paarorende_helse_nord/person/rolle@Rolle","rows":[]},{"id":"helseopplysninger/pårørende_og_barn_søsken_under_18@Pårørende og barn/søsken under 18/helseopplysninger_paarorende_helse_nord/person/fødselsdato_pårørende@Fødselsdato pårørende","rows":[]}]}]}]}]}]}]},{"id":"helseopplysninger/pårørende_og_barn_søsken_under_18@Pårørende og barn/søsken under 18/kartlegging_omsorgsansvar@Kartlegging omsorgsansvar","rows":[{"cols":[{"width":"100%","children":[{"id":"helseopplysninger/pårørende_og_barn_søsken_under_18@Pårørende og barn/søsken under 18/kartlegging_omsorgsansvar@Kartlegging omsorgsansvar/history/origin","rows":[]},{"id":"helseopplysninger/pårørende_og_barn_søsken_under_18@Pårørende og barn/søsken under 18/kartlegging_omsorgsansvar@Kartlegging omsorgsansvar/uspesifikk_hendelse","rows":[{"cols":[{"width":"100%","children":[{"id":"helseopplysninger/pårørende_og_barn_søsken_under_18@Pårørende og barn/søsken under 18/kartlegging_omsorgsansvar@Kartlegging omsorgsansvar/uspesifikk_hendelse/kartleggingsformål","rows":[]},{"id":"helseopplysninger/pårørende_og_barn_søsken_under_18@Pårørende og barn/søsken under 18/kartlegging_omsorgsansvar@Kartlegging omsorgsansvar/uspesifikk_hendelse/barn_som_pårørende@Barn som pårørende","rows":[{"cols":[{"width":"100%","children":[{"id":"helseopplysninger/pårørende_og_barn_søsken_under_18@Pårørende og barn/søsken under 18/kartlegging_omsorgsansvar@Kartlegging omsorgsansvar/uspesifikk_hendelse/barn_som_pårørende@Barn som pårørende/sosialt_forhold","rows":[]},{"id":"helseopplysninger/pårørende_og_barn_søsken_under_18@Pårørende og barn/søsken under 18/kartlegging_omsorgsansvar@Kartlegging omsorgsansvar/uspesifikk_hendelse/barn_som_pårørende@Barn som pårørende/finnes_det_barn_som_pårørende@Finnes det barn som pårørende?","rows":[]},{"id":"helseopplysninger/pårørende_og_barn_søsken_under_18@Pårørende og barn/søsken under 18/kartlegging_omsorgsansvar@Kartlegging omsorgsansvar/uspesifikk_hendelse/barn_som_pårørende@Barn som pårørende/skriv_inn_navn_og_fødelsdato_for_barn_søsken_under_18_år_her:@Skriv inn navn og fødelsdato for barn/søsken under 18 år her:","rows":[]}]}]}]},{"id":"helseopplysninger/pårørende_og_barn_søsken_under_18@Pårørende og barn/søsken under 18/kartlegging_omsorgsansvar@Kartlegging omsorgsansvar/uspesifikk_hendelse/time","rows":[]}]}]}]}]}]}]}]}]}]},{"id":"helseopplysninger/graviditet_og_amming@Graviditet og amming","rows":[{"cols":[{"width":"100%","children":[{"id":"helseopplysninger/graviditet_og_amming@Graviditet og amming/kartleggingsspørsmål_om_problemer_eller_diagnoser","rows":[{"cols":[{"width":"100%","children":[{"id":"helseopplysninger/graviditet_og_amming@Graviditet og amming/kartleggingsspørsmål_om_problemer_eller_diagnoser/history/origin","rows":[]},{"id":"helseopplysninger/graviditet_og_amming@Graviditet og amming/kartleggingsspørsmål_om_problemer_eller_diagnoser/uspesifisert_hendelse","rows":[{"cols":[{"width":"100%","children":[{"id":"helseopplysninger/graviditet_og_amming@Graviditet og amming/kartleggingsspørsmål_om_problemer_eller_diagnoser/uspesifisert_hendelse/gravid@Gravid","rows":[{"cols":[{"width":"100%","children":[{"id":"helseopplysninger/graviditet_og_amming@Graviditet og amming/kartleggingsspørsmål_om_problemer_eller_diagnoser/uspesifisert_hendelse/gravid@Gravid/gravid@Gravid","rows":[]},{"id":"helseopplysninger/graviditet_og_amming@Graviditet og amming/kartleggingsspørsmål_om_problemer_eller_diagnoser/uspesifisert_hendelse/gravid@Gravid/er_du_gravid@Er du gravid?","rows":[]},{"id":"helseopplysninger/graviditet_og_amming@Graviditet og amming/kartleggingsspørsmål_om_problemer_eller_diagnoser/uspesifisert_hendelse/gravid@Gravid/vennligst_oppgi_hvor_langt_du_er_kommet_i_graviditeten_i_antall_uker._(oppgi_den_uken_du_er_i._for_eksempel_uke_24+3_=_24_uker.)@Vennligst oppgi hvor langt du er kommet i graviditeten i antall uker. (Oppgi den uken du er i. For eksempel Uke 24+3 = 24 uker.)","rows":[]}]}]}]},{"id":"helseopplysninger/graviditet_og_amming@Graviditet og amming/kartleggingsspørsmål_om_problemer_eller_diagnoser/uspesifisert_hendelse/amming@Amming","rows":[{"cols":[{"width":"100%","children":[{"id":"helseopplysninger/graviditet_og_amming@Graviditet og amming/kartleggingsspørsmål_om_problemer_eller_diagnoser/uspesifisert_hendelse/amming@Amming/amming@Amming","rows":[]},{"id":"helseopplysninger/graviditet_og_amming@Graviditet og amming/kartleggingsspørsmål_om_problemer_eller_diagnoser/uspesifisert_hendelse/amming@Amming/ammer_du@Ammer du?","rows":[]}]}]}]},{"id":"helseopplysninger/graviditet_og_amming@Graviditet og amming/kartleggingsspørsmål_om_problemer_eller_diagnoser/uspesifisert_hendelse/time","rows":[]}]}]}]}]}]}]}]}]}]},{"id":"helseopplysninger/sykdommer@Sykdommer","rows":[{"cols":[{"width":"100%","children":[{"id":"helseopplysninger/sykdommer@Sykdommer/history/origin","rows":[]},{"id":"helseopplysninger/sykdommer@Sykdommer/uspesifisert_hendelse","rows":[{"cols":[{"width":"100%","children":[{"id":"helseopplysninger/sykdommer@Sykdommer/uspesifisert_hendelse/kartleggingsformål","rows":[]},{"id":"helseopplysninger/sykdommer@Sykdommer/uspesifisert_hendelse/har_du,_eller_har_du_hatt,_noen_sykdommer@Har du, eller har du hatt, noen sykdommer?","rows":[]},{"id":"helseopplysninger/sykdommer@Sykdommer/uspesifisert_hendelse/kardiovaskulær_sykdom@Kardiovaskulær sykdom","rows":[{"cols":[{"width":"100%","children":[{"id":"helseopplysninger/sykdommer@Sykdommer/uspesifisert_hendelse/kardiovaskulær_sykdom@Kardiovaskulær sykdom/kardiovaskulær_sykdom@Kardiovaskulær sykdom","rows":[]},{"id":"helseopplysninger/sykdommer@Sykdommer/uspesifisert_hendelse/kardiovaskulær_sykdom@Kardiovaskulær sykdom/har_du,_eller_har_du_hatt,_hjerte-og_karsykdom@Har du, eller har du hatt, hjerte-og karsykdom?","rows":[]},{"id":"helseopplysninger/sykdommer@Sykdommer/uspesifisert_hendelse/kardiovaskulær_sykdom@Kardiovaskulær sykdom/helseopplysninger_kardiovaskulaer_hn","rows":[{"cols":[{"width":"100%","children":[{"id":"helseopplysninger/sykdommer@Sykdommer/uspesifisert_hendelse/kardiovaskulær_sykdom@Kardiovaskulær sykdom/helseopplysninger_kardiovaskulaer_hn/får_du_brystsmerter_eller_blir_du_tungpustet_når_du_går_opp_trapper_i_normalt_tempo","rows":[]},{"id":"helseopplysninger/sykdommer@Sykdommer/uspesifisert_hendelse/kardiovaskulær_sykdom@Kardiovaskulær sykdom/helseopplysninger_kardiovaskulaer_hn/beskrivelse:","rows":[]}]}]}]},{"id":"helseopplysninger/sykdommer@Sykdommer/uspesifisert_hendelse/kardiovaskulær_sykdom@Kardiovaskulær sykdom/beskrivelse@Beskrivelse","rows":[]}]}]}]},{"id":"helseopplysninger/sykdommer@Sykdommer/uspesifisert_hendelse/hypertensjon@Hypertensjon","rows":[{"cols":[{"width":"100%","children":[{"id":"helseopplysninger/sykdommer@Sykdommer/uspesifisert_hendelse/hypertensjon@Hypertensjon/hypertensjon@Hypertensjon","rows":[]},{"id":"helseopplysninger/sykdommer@Sykdommer/uspesifisert_hendelse/hypertensjon@Hypertensjon/har_du_høyt_blodtrykk_(hypertensjon)@Har du høyt blodtrykk (hypertensjon)?","rows":[]},{"id":"helseopplysninger/sykdommer@Sykdommer/uspesifisert_hendelse/hypertensjon@Hypertensjon/hvilken","rows":[]}]}]}]},{"id":"helseopplysninger/sykdommer@Sykdommer/uspesifisert_hendelse/lungesykdom@Lungesykdom","rows":[{"cols":[{"width":"100%","children":[{"id":"helseopplysninger/sykdommer@Sykdommer/uspesifisert_hendelse/lungesykdom@Lungesykdom/lungesykdom@Lungesykdom","rows":[]},{"id":"helseopplysninger/sykdommer@Sykdommer/uspesifisert_hendelse/lungesykdom@Lungesykdom/har_du,_eller_har_du_hatt,_lungesykdom@Har du, eller har du hatt, lungesykdom?","rows":[]},{"id":"helseopplysninger/sykdommer@Sykdommer/uspesifisert_hendelse/lungesykdom@Lungesykdom/hvilken","rows":[]}]}]}]},{"id":"helseopplysninger/sykdommer@Sykdommer/uspesifisert_hendelse/risiko_for_blødning@Risiko for blødning","rows":[{"cols":[{"width":"100%","children":[{"id":"helseopplysninger/sykdommer@Sykdommer/uspesifisert_hendelse/risiko_for_blødning@Risiko for blødning/risiko_for_blødning@Risiko for blødning","rows":[]},{"id":"helseopplysninger/sykdommer@Sykdommer/uspesifisert_hendelse/risiko_for_blødning@Risiko for blødning/har_du_økt_blødningstendens@Har du økt blødningstendens?","rows":[]},{"id":"helseopplysninger/sykdommer@Sykdommer/uspesifisert_hendelse/risiko_for_blødning@Risiko for blødning/hvilken","rows":[]}]}]}]},{"id":"helseopplysninger/sykdommer@Sykdommer/uspesifisert_hendelse/nevrologisk_sykdom@Nevrologisk sykdom","rows":[{"cols":[{"width":"100%","children":[{"id":"helseopplysninger/sykdommer@Sykdommer/uspesifisert_hendelse/nevrologisk_sykdom@Nevrologisk sykdom/nevrologisk_sykdom@Nevrologisk sykdom","rows":[]},{"id":"helseopplysninger/sykdommer@Sykdommer/uspesifisert_hendelse/nevrologisk_sykdom@Nevrologisk sykdom/har_du,_eller_har_du_hatt,_nevrologisk_sykdom@Har du, eller har du hatt, nevrologisk sykdom?","rows":[]},{"id":"helseopplysninger/sykdommer@Sykdommer/uspesifisert_hendelse/nevrologisk_sykdom@Nevrologisk sykdom/hvilken","rows":[]}]}]}]},{"id":"helseopplysninger/sykdommer@Sykdommer/uspesifisert_hendelse/nyresykdom@Nyresykdom","rows":[{"cols":[{"width":"100%","children":[{"id":"helseopplysninger/sykdommer@Sykdommer/uspesifisert_hendelse/nyresykdom@Nyresykdom/nyresykdom@Nyresykdom","rows":[]},{"id":"helseopplysninger/sykdommer@Sykdommer/uspesifisert_hendelse/nyresykdom@Nyresykdom/har_du,_eller_har_du_hatt,_nyresykdom@Har du, eller har du hatt, nyresykdom?","rows":[]},{"id":"helseopplysninger/sykdommer@Sykdommer/uspesifisert_hendelse/nyresykdom@Nyresykdom/hvilken","rows":[]}]}]}]},{"id":"helseopplysninger/sykdommer@Sykdommer/uspesifisert_hendelse/leversykdom@Leversykdom","rows":[{"cols":[{"width":"100%","children":[{"id":"helseopplysninger/sykdommer@Sykdommer/uspesifisert_hendelse/leversykdom@Leversykdom/leversykdom@Leversykdom","rows":[]},{"id":"helseopplysninger/sykdommer@Sykdommer/uspesifisert_hendelse/leversykdom@Leversykdom/har_du,_eller_har_du_hatt_leversykdom@Har du, eller har du hatt leversykdom?","rows":[]},{"id":"helseopplysninger/sykdommer@Sykdommer/uspesifisert_hendelse/leversykdom@Leversykdom/hvilken","rows":[]}]}]}]},{"id":"helseopplysninger/sykdommer@Sykdommer/uspesifisert_hendelse/diabetes@Diabetes","rows":[{"cols":[{"width":"100%","children":[{"id":"helseopplysninger/sykdommer@Sykdommer/uspesifisert_hendelse/diabetes@Diabetes/diabetes@Diabetes","rows":[]},{"id":"helseopplysninger/sykdommer@Sykdommer/uspesifisert_hendelse/diabetes@Diabetes/har_du_diabetes@Har du diabetes?","rows":[]},{"id":"helseopplysninger/sykdommer@Sykdommer/uspesifisert_hendelse/diabetes@Diabetes/hvilken","rows":[]}]}]}]},{"id":"helseopplysninger/sykdommer@Sykdommer/uspesifisert_hendelse/metabolsk_sykdom@Metabolsk sykdom","rows":[{"cols":[{"width":"100%","children":[{"id":"helseopplysninger/sykdommer@Sykdommer/uspesifisert_hendelse/metabolsk_sykdom@Metabolsk sykdom/metabolsk_sykdom@Metabolsk sykdom","rows":[]},{"id":"helseopplysninger/sykdommer@Sykdommer/uspesifisert_hendelse/metabolsk_sykdom@Metabolsk sykdom/har_du,_eller_har_du_hatt,_problemer_med_stoffskifte@Har du, eller har du hatt, problemer med stoffskifte?","rows":[]},{"id":"helseopplysninger/sykdommer@Sykdommer/uspesifisert_hendelse/metabolsk_sykdom@Metabolsk sykdom/hvilken","rows":[]}]}]}]},{"id":"helseopplysninger/sykdommer@Sykdommer/uspesifisert_hendelse/sykdom_i_muskel-_og_skjelettsystem@Sykdom i muskel- og skjelettsystem","rows":[{"cols":[{"width":"100%","children":[{"id":"helseopplysninger/sykdommer@Sykdommer/uspesifisert_hendelse/sykdom_i_muskel-_og_skjelettsystem@Sykdom i muskel- og skjelettsystem/sykdom_i_muskel-_og_skjelettsystem@Sykdom i muskel- og skjelettsystem","rows":[]},{"id":"helseopplysninger/sykdommer@Sykdommer/uspesifisert_hendelse/sykdom_i_muskel-_og_skjelettsystem@Sykdom i muskel- og skjelettsystem/har_du_leddgikt_eller_muskel-og_skjelettsykdom@Har du leddgikt eller muskel-og skjelettsykdom?","rows":[]},{"id":"helseopplysninger/sykdommer@Sykdommer/uspesifisert_hendelse/sykdom_i_muskel-_og_skjelettsystem@Sykdom i muskel- og skjelettsystem/hvilken","rows":[]}]}]}]},{"id":"helseopplysninger/sykdommer@Sykdommer/uspesifisert_hendelse/sykdom_i_gastrointestinaltraktus@Sykdom i gastrointestinaltraktus","rows":[{"cols":[{"width":"100%","children":[{"id":"helseopplysninger/sykdommer@Sykdommer/uspesifisert_hendelse/sykdom_i_gastrointestinaltraktus@Sykdom i gastrointestinaltraktus/sykdom_i_gastrointestinaltraktus@Sykdom i gastrointestinaltraktus","rows":[]},{"id":"helseopplysninger/sykdommer@Sykdommer/uspesifisert_hendelse/sykdom_i_gastrointestinaltraktus@Sykdom i gastrointestinaltraktus/har_du,_eller_har_du_hatt,_problemer_med_mage_eller_tarm@Har du, eller har du hatt, problemer med mage eller tarm?","rows":[]},{"id":"helseopplysninger/sykdommer@Sykdommer/uspesifisert_hendelse/sykdom_i_gastrointestinaltraktus@Sykdom i gastrointestinaltraktus/helseopplysning_tillegg_gastrointestinaltraktus_hn","rows":[{"cols":[{"width":"100%","children":[{"id":"helseopplysninger/sykdommer@Sykdommer/uspesifisert_hendelse/sykdom_i_gastrointestinaltraktus@Sykdom i gastrointestinaltraktus/helseopplysning_tillegg_gastrointestinaltraktus_hn/er_du_plaget_med_magesår,_magekatarr,_spiserørsbrokk_eller_sure_oppstøt","rows":[]},{"id":"helseopplysninger/sykdommer@Sykdommer/uspesifisert_hendelse/sykdom_i_gastrointestinaltraktus@Sykdom i gastrointestinaltraktus/helseopplysning_tillegg_gastrointestinaltraktus_hn/beskrivelse:","rows":[]}]}]}]},{"id":"helseopplysninger/sykdommer@Sykdommer/uspesifisert_hendelse/sykdom_i_gastrointestinaltraktus@Sykdom i gastrointestinaltraktus/hvilken","rows":[]}]}]}]},{"id":"helseopplysninger/sykdommer@Sykdommer/uspesifisert_hendelse/psykisk_lidelse@Psykisk lidelse","rows":[{"cols":[{"width":"100%","children":[{"id":"helseopplysninger/sykdommer@Sykdommer/uspesifisert_hendelse/psykisk_lidelse@Psykisk lidelse/psykisk_lidelse@Psykisk lidelse","rows":[]},{"id":"helseopplysninger/sykdommer@Sykdommer/uspesifisert_hendelse/psykisk_lidelse@Psykisk lidelse/har_du,_eller_har_du_hatt,_psykiske_sykdommer@Har du, eller har du hatt, psykiske sykdommer?","rows":[]},{"id":"helseopplysninger/sykdommer@Sykdommer/uspesifisert_hendelse/psykisk_lidelse@Psykisk lidelse/hvilken","rows":[]}]}]}]},{"id":"helseopplysninger/sykdommer@Sykdommer/uspesifisert_hendelse/substansmisbruk@Substansmisbruk","rows":[{"cols":[{"width":"100%","children":[{"id":"helseopplysninger/sykdommer@Sykdommer/uspesifisert_hendelse/substansmisbruk@Substansmisbruk/substansmisbruk@Substansmisbruk","rows":[]},{"id":"helseopplysninger/sykdommer@Sykdommer/uspesifisert_hendelse/substansmisbruk@Substansmisbruk/har_du,_eller_har_du_hatt,_rusavhengighet_(inkl._alkoholavhengighet)@Har du, eller har du hatt, rusavhengighet (inkl. alkoholavhengighet)?","rows":[]},{"id":"helseopplysninger/sykdommer@Sykdommer/uspesifisert_hendelse/substansmisbruk@Substansmisbruk/hvilken","rows":[]}]}]}]},{"id":"helseopplysninger/sykdommer@Sykdommer/uspesifisert_hendelse/smittsom_sykdom@Smittsom sykdom","rows":[{"cols":[{"width":"100%","children":[{"id":"helseopplysninger/sykdommer@Sykdommer/uspesifisert_hendelse/smittsom_sykdom@Smittsom sykdom/smittsom_sykdom@Smittsom sykdom","rows":[]},{"id":"helseopplysninger/sykdommer@Sykdommer/uspesifisert_hendelse/smittsom_sykdom@Smittsom sykdom/har_du_smittsom_sykdom@Har du smittsom sykdom?","rows":[]},{"id":"helseopplysninger/sykdommer@Sykdommer/uspesifisert_hendelse/smittsom_sykdom@Smittsom sykdom/hvilken@Hvilken?","rows":[]}]}]}]},{"id":"helseopplysninger/sykdommer@Sykdommer/uspesifisert_hendelse/ad_hoc_tilleggsinformasjon_hn","rows":[{"cols":[{"width":"100%","children":[{"id":"helseopplysninger/sykdommer@Sykdommer/uspesifisert_hendelse/ad_hoc_tilleggsinformasjon_hn/har_du_annen_helseinformasjon_eller_sykdom_som_vi_bør_vite_om@Har du annen helseinformasjon eller sykdom som vi bør vite om?","rows":[]},{"id":"helseopplysninger/sykdommer@Sykdommer/uspesifisert_hendelse/ad_hoc_tilleggsinformasjon_hn/beskrivelse@Beskrivelse","rows":[]}]}]}]},{"id":"helseopplysninger/sykdommer@Sykdommer/uspesifisert_hendelse/time","rows":[]}]}]}]}]}]}]},{"id":"helseopplysninger/andre_sykdomsopplysninger@andre sykdomsopplysninger","rows":[{"cols":[{"width":"100%","children":[{"id":"helseopplysninger/andre_sykdomsopplysninger@andre sykdomsopplysninger/har_du_annen_helseinformasjon_eller_sykdom_som_vi_bør_vite_om@Har du annen helseinformasjon eller sykdom som vi bør vite om?","rows":[]}]}]}]},{"id":"helseopplysninger/medisiner_og_legemiddelallergier@Medisiner og legemiddelallergier","rows":[{"cols":[{"width":"100%","children":[{"id":"helseopplysninger/medisiner_og_legemiddelallergier@Medisiner og legemiddelallergier/kartleggingsspørsmål_om_legemidler@Kartleggingsspørsmål om legemidler","rows":[{"cols":[{"width":"100%","children":[{"id":"helseopplysninger/medisiner_og_legemiddelallergier@Medisiner og legemiddelallergier/kartleggingsspørsmål_om_legemidler@Kartleggingsspørsmål om legemidler/*history_(en)/origin","rows":[]},{"id":"helseopplysninger/medisiner_og_legemiddelallergier@Medisiner og legemiddelallergier/kartleggingsspørsmål_om_legemidler@Kartleggingsspørsmål om legemidler/uspesifisert_hendelse","rows":[{"cols":[{"width":"100%","children":[{"id":"helseopplysninger/medisiner_og_legemiddelallergier@Medisiner og legemiddelallergier/kartleggingsspørsmål_om_legemidler@Kartleggingsspørsmål om legemidler/uspesifisert_hendelse/kartleggingsformål","rows":[]},{"id":"helseopplysninger/medisiner_og_legemiddelallergier@Medisiner og legemiddelallergier/kartleggingsspørsmål_om_legemidler@Kartleggingsspørsmål om legemidler/uspesifisert_hendelse/bruker_du_noen_faste_medisiner@Bruker du noen faste medisiner?","rows":[{"cols":[{"width":"100%","children":[{"id":"helseopplysninger/medisiner_og_legemiddelallergier@Medisiner og legemiddelallergier/kartleggingsspørsmål_om_legemidler@Kartleggingsspørsmål om legemidler/uspesifisert_hendelse/bruker_du_noen_faste_medisiner@Bruker du noen faste medisiner?/value","rows":[]},{"id":"helseopplysninger/medisiner_og_legemiddelallergier@Medisiner og legemiddelallergier/kartleggingsspørsmål_om_legemidler@Kartleggingsspørsmål om legemidler/uspesifisert_hendelse/bruker_du_noen_faste_medisiner@Bruker du noen faste medisiner?/value2","rows":[]},{"id":"helseopplysninger/medisiner_og_legemiddelallergier@Medisiner og legemiddelallergier/kartleggingsspørsmål_om_legemidler@Kartleggingsspørsmål om legemidler/uspesifisert_hendelse/bruker_du_noen_faste_medisiner@Bruker du noen faste medisiner?/value3","rows":[]}]}]}]},{"id":"helseopplysninger/medisiner_og_legemiddelallergier@Medisiner og legemiddelallergier/kartleggingsspørsmål_om_legemidler@Kartleggingsspørsmål om legemidler/uspesifisert_hendelse/blodfortynnende@Blodfortynnende","rows":[{"cols":[{"width":"100%","children":[{"id":"helseopplysninger/medisiner_og_legemiddelallergier@Medisiner og legemiddelallergier/kartleggingsspørsmål_om_legemidler@Kartleggingsspørsmål om legemidler/uspesifisert_hendelse/blodfortynnende@Blodfortynnende/legemiddelnavn","rows":[]},{"id":"helseopplysninger/medisiner_og_legemiddelallergier@Medisiner og legemiddelallergier/kartleggingsspørsmål_om_legemidler@Kartleggingsspørsmål om legemidler/uspesifisert_hendelse/blodfortynnende@Blodfortynnende/jeg_bruker_blodfortynnende_medisiner@Jeg bruker blodfortynnende medisiner","rows":[]},{"id":"helseopplysninger/medisiner_og_legemiddelallergier@Medisiner og legemiddelallergier/kartleggingsspørsmål_om_legemidler@Kartleggingsspørsmål om legemidler/uspesifisert_hendelse/blodfortynnende@Blodfortynnende/vennligst_spesifiser_hvilke_blodfortynnende_medisiner_du_bruker,_dosering_og_hvorfor_du_bruker_disse@Vennligst spesifiser hvilke blodfortynnende medisiner du bruker, dosering og hvorfor du bruker disse","rows":[]}]}]}]},{"id":"helseopplysninger/medisiner_og_legemiddelallergier@Medisiner og legemiddelallergier/kartleggingsspørsmål_om_legemidler@Kartleggingsspørsmål om legemidler/uspesifisert_hendelse/reseptbelagte_medisiner@Reseptbelagte medisiner","rows":[{"cols":[{"width":"100%","children":[{"id":"helseopplysninger/medisiner_og_legemiddelallergier@Medisiner og legemiddelallergier/kartleggingsspørsmål_om_legemidler@Kartleggingsspørsmål om legemidler/uspesifisert_hendelse/reseptbelagte_medisiner@Reseptbelagte medisiner/legemiddelnavn","rows":[]},{"id":"helseopplysninger/medisiner_og_legemiddelallergier@Medisiner og legemiddelallergier/kartleggingsspørsmål_om_legemidler@Kartleggingsspørsmål om legemidler/uspesifisert_hendelse/reseptbelagte_medisiner@Reseptbelagte medisiner/jeg_bruker_andre_reseptbelagte_medisiner._gjelder_også_prevensjonsmidler.@Jeg bruker andre reseptbelagte medisiner. Gjelder også prevensjonsmidler.","rows":[]},{"id":"helseopplysninger/medisiner_og_legemiddelallergier@Medisiner og legemiddelallergier/kartleggingsspørsmål_om_legemidler@Kartleggingsspørsmål om legemidler/uspesifisert_hendelse/reseptbelagte_medisiner@Reseptbelagte medisiner/vennligst_spesifiser_hvilke_medisiner_du_bruker,_dosering_og_hvorfor_du_bruker_disse@Vennligst spesifiser hvilke medisiner du bruker, dosering og hvorfor du bruker disse","rows":[]}]}]}]},{"id":"helseopplysninger/medisiner_og_legemiddelallergier@Medisiner og legemiddelallergier/kartleggingsspørsmål_om_legemidler@Kartleggingsspørsmål om legemidler/uspesifisert_hendelse/jeg_bruker_reseptfrie_medisiner,_kosttilskudd_eller_naturmedisin@Jeg bruker reseptfrie medisiner, kosttilskudd eller naturmedisin","rows":[{"cols":[{"width":"100%","children":[{"id":"helseopplysninger/medisiner_og_legemiddelallergier@Medisiner og legemiddelallergier/kartleggingsspørsmål_om_legemidler@Kartleggingsspørsmål om legemidler/uspesifisert_hendelse/jeg_bruker_reseptfrie_medisiner,_kosttilskudd_eller_naturmedisin@Jeg bruker reseptfrie medisiner, kosttilskudd eller naturmedisin/legemiddelnavn","rows":[]},{"id":"helseopplysninger/medisiner_og_legemiddelallergier@Medisiner og legemiddelallergier/kartleggingsspørsmål_om_legemidler@Kartleggingsspørsmål om legemidler/uspesifisert_hendelse/jeg_bruker_reseptfrie_medisiner,_kosttilskudd_eller_naturmedisin@Jeg bruker reseptfrie medisiner, kosttilskudd eller naturmedisin/jeg_bruker_reseptfrie_medisiner,_kosttilskudd_eller_naturmedisin@Jeg bruker reseptfrie medisiner, kosttilskudd eller naturmedisin","rows":[]},{"id":"helseopplysninger/medisiner_og_legemiddelallergier@Medisiner og legemiddelallergier/kartleggingsspørsmål_om_legemidler@Kartleggingsspørsmål om legemidler/uspesifisert_hendelse/jeg_bruker_reseptfrie_medisiner,_kosttilskudd_eller_naturmedisin@Jeg bruker reseptfrie medisiner, kosttilskudd eller naturmedisin/vennligst_spesifiser_hvilke_reseptfrie_medisiner,_kosttilskudd_eller_naturmedisin_du_bruker,_dosering,_og_hvorfor_du_bruker_disse@Vennligst spesifiser hvilke reseptfrie medisiner, kosttilskudd eller naturmedisin du bruker, dosering, og hvorfor du bruker disse","rows":[]}]}]}]},{"id":"helseopplysninger/medisiner_og_legemiddelallergier@Medisiner og legemiddelallergier/kartleggingsspørsmål_om_legemidler@Kartleggingsspørsmål om legemidler/uspesifisert_hendelse/time","rows":[]}]}]}]}]}]}]},{"id":"helseopplysninger/medisiner_og_legemiddelallergier@Medisiner og legemiddelallergier/kartlegging_av_overfølsomhetsreaksjoner@Kartlegging av overfølsomhetsreaksjoner","rows":[{"cols":[{"width":"100%","children":[{"id":"helseopplysninger/medisiner_og_legemiddelallergier@Medisiner og legemiddelallergier/kartlegging_av_overfølsomhetsreaksjoner@Kartlegging av overfølsomhetsreaksjoner/*history_(en)/origin","rows":[]},{"id":"helseopplysninger/medisiner_og_legemiddelallergier@Medisiner og legemiddelallergier/kartlegging_av_overfølsomhetsreaksjoner@Kartlegging av overfølsomhetsreaksjoner/uspesifisert_hendelse","rows":[{"cols":[{"width":"100%","children":[{"id":"helseopplysninger/medisiner_og_legemiddelallergier@Medisiner og legemiddelallergier/kartlegging_av_overfølsomhetsreaksjoner@Kartlegging av overfølsomhetsreaksjoner/uspesifisert_hendelse/kartleggingsformål","rows":[]},{"id":"helseopplysninger/medisiner_og_legemiddelallergier@Medisiner og legemiddelallergier/kartlegging_av_overfølsomhetsreaksjoner@Kartlegging av overfølsomhetsreaksjoner/uspesifisert_hendelse/er_du_allergisk_mot_noen_typer_antibiotika_eller_andre_medisiner@Er du allergisk mot noen typer antibiotika eller andre medisiner?","rows":[]},{"id":"helseopplysninger/medisiner_og_legemiddelallergier@Medisiner og legemiddelallergier/kartlegging_av_overfølsomhetsreaksjoner@Kartlegging av overfølsomhetsreaksjoner/uspesifisert_hendelse/beskrivelse","rows":[]},{"id":"helseopplysninger/medisiner_og_legemiddelallergier@Medisiner og legemiddelallergier/kartlegging_av_overfølsomhetsreaksjoner@Kartlegging av overfølsomhetsreaksjoner/uspesifisert_hendelse/time","rows":[]}]}]}]}]}]}]}]}]}]},{"id":"helseopplysninger/mat,_livsstil_og_dagligliv@Mat, livsstil og dagligliv","rows":[{"cols":[{"width":"100%","children":[{"id":"helseopplysninger/mat,_livsstil_og_dagligliv@Mat, livsstil og dagligliv/kartlegging_av_dagligliv_og_funksjon@Kartlegging av dagligliv og funksjon","rows":[{"cols":[{"width":"100%","children":[{"id":"helseopplysninger/mat,_livsstil_og_dagligliv@Mat, livsstil og dagligliv/kartlegging_av_dagligliv_og_funksjon@Kartlegging av dagligliv og funksjon/history/origin","rows":[]},{"id":"helseopplysninger/mat,_livsstil_og_dagligliv@Mat, livsstil og dagligliv/kartlegging_av_dagligliv_og_funksjon@Kartlegging av dagligliv og funksjon/uspesifisert_hendelse","rows":[{"cols":[{"width":"100%","children":[{"id":"helseopplysninger/mat,_livsstil_og_dagligliv@Mat, livsstil og dagligliv/kartlegging_av_dagligliv_og_funksjon@Kartlegging av dagligliv og funksjon/uspesifisert_hendelse/kartleggingsformål","rows":[]},{"id":"helseopplysninger/mat,_livsstil_og_dagligliv@Mat, livsstil og dagligliv/kartlegging_av_dagligliv_og_funksjon@Kartlegging av dagligliv og funksjon/uspesifisert_hendelse/helseopplysninger_dagligliv_hn","rows":[{"cols":[{"width":"100%","children":[{"id":"helseopplysninger/mat,_livsstil_og_dagligliv@Mat, livsstil og dagligliv/kartlegging_av_dagligliv_og_funksjon@Kartlegging av dagligliv og funksjon/uspesifisert_hendelse/helseopplysninger_dagligliv_hn/har_du_behov_for_spesiell_kost","rows":[]},{"id":"helseopplysninger/mat,_livsstil_og_dagligliv@Mat, livsstil og dagligliv/kartlegging_av_dagligliv_og_funksjon@Kartlegging av dagligliv og funksjon/uspesifisert_hendelse/helseopplysninger_dagligliv_hn/beskrivelse:","rows":[]},{"id":"helseopplysninger/mat,_livsstil_og_dagligliv@Mat, livsstil og dagligliv/kartlegging_av_dagligliv_og_funksjon@Kartlegging av dagligliv og funksjon/uspesifisert_hendelse/helseopplysninger_dagligliv_hn/er_du_allergisk_mot_matvarer,_pollen,_lateks,_nikkel_eller_annet","rows":[]},{"id":"helseopplysninger/mat,_livsstil_og_dagligliv@Mat, livsstil og dagligliv/kartlegging_av_dagligliv_og_funksjon@Kartlegging av dagligliv og funksjon/uspesifisert_hendelse/helseopplysninger_dagligliv_hn/hva_er_du_allergisk_mot_og_hvordan_reagerer_du","rows":[]},{"id":"helseopplysninger/mat,_livsstil_og_dagligliv@Mat, livsstil og dagligliv/kartlegging_av_dagligliv_og_funksjon@Kartlegging av dagligliv og funksjon/uspesifisert_hendelse/helseopplysninger_dagligliv_hn/har_du_problemer_med_å_dusje,_kle_på_deg_eller_utføre_daglige_gjøremål_selv","rows":[]},{"id":"helseopplysninger/mat,_livsstil_og_dagligliv@Mat, livsstil og dagligliv/kartlegging_av_dagligliv_og_funksjon@Kartlegging av dagligliv og funksjon/uspesifisert_hendelse/helseopplysninger_dagligliv_hn/hva_trenger_du_hjelp_til","rows":[]},{"id":"helseopplysninger/mat,_livsstil_og_dagligliv@Mat, livsstil og dagligliv/kartlegging_av_dagligliv_og_funksjon@Kartlegging av dagligliv og funksjon/uspesifisert_hendelse/helseopplysninger_dagligliv_hn/har_du_problemer_med_syn,_hørsel_eller_å_snakke","rows":[]},{"id":"helseopplysninger/mat,_livsstil_og_dagligliv@Mat, livsstil og dagligliv/kartlegging_av_dagligliv_og_funksjon@Kartlegging av dagligliv og funksjon/uspesifisert_hendelse/helseopplysninger_dagligliv_hn/beskrivelse:2","rows":[]}]}]}]},{"id":"helseopplysninger/mat,_livsstil_og_dagligliv@Mat, livsstil og dagligliv/kartlegging_av_dagligliv_og_funksjon@Kartlegging av dagligliv og funksjon/uspesifisert_hendelse/time","rows":[]}]}]}]}]}]}]},{"id":"helseopplysninger/mat,_livsstil_og_dagligliv@Mat, livsstil og dagligliv/kartleggingsspørsmål_om_bruk_av_substanser","rows":[{"cols":[{"width":"100%","children":[{"id":"helseopplysninger/mat,_livsstil_og_dagligliv@Mat, livsstil og dagligliv/kartleggingsspørsmål_om_bruk_av_substanser/*history_(en)/origin","rows":[]},{"id":"helseopplysninger/mat,_livsstil_og_dagligliv@Mat, livsstil og dagligliv/kartleggingsspørsmål_om_bruk_av_substanser/uspesifisert_hendelse","rows":[{"cols":[{"width":"100%","children":[{"id":"helseopplysninger/mat,_livsstil_og_dagligliv@Mat, livsstil og dagligliv/kartleggingsspørsmål_om_bruk_av_substanser/uspesifisert_hendelse/kartleggingsformål","rows":[]},{"id":"helseopplysninger/mat,_livsstil_og_dagligliv@Mat, livsstil og dagligliv/kartleggingsspørsmål_om_bruk_av_substanser/uspesifisert_hendelse/bruk_av_noen_substanser","rows":[{"cols":[{"width":"100%","children":[{"id":"helseopplysninger/mat,_livsstil_og_dagligliv@Mat, livsstil og dagligliv/kartleggingsspørsmål_om_bruk_av_substanser/uspesifisert_hendelse/bruk_av_noen_substanser/value","rows":[]},{"id":"helseopplysninger/mat,_livsstil_og_dagligliv@Mat, livsstil og dagligliv/kartleggingsspørsmål_om_bruk_av_substanser/uspesifisert_hendelse/bruk_av_noen_substanser/value2","rows":[]},{"id":"helseopplysninger/mat,_livsstil_og_dagligliv@Mat, livsstil og dagligliv/kartleggingsspørsmål_om_bruk_av_substanser/uspesifisert_hendelse/bruk_av_noen_substanser/value3","rows":[]}]}]}]},{"id":"helseopplysninger/mat,_livsstil_og_dagligliv@Mat, livsstil og dagligliv/kartleggingsspørsmål_om_bruk_av_substanser/uspesifisert_hendelse/beskrivelse","rows":[]},{"id":"helseopplysninger/mat,_livsstil_og_dagligliv@Mat, livsstil og dagligliv/kartleggingsspørsmål_om_bruk_av_substanser/uspesifisert_hendelse/røyk@Røyk","rows":[{"cols":[{"width":"100%","children":[{"id":"helseopplysninger/mat,_livsstil_og_dagligliv@Mat, livsstil og dagligliv/kartleggingsspørsmål_om_bruk_av_substanser/uspesifisert_hendelse/røyk@Røyk/tobakk@Tobakk","rows":[]},{"id":"helseopplysninger/mat,_livsstil_og_dagligliv@Mat, livsstil og dagligliv/kartleggingsspørsmål_om_bruk_av_substanser/uspesifisert_hendelse/røyk@Røyk/røyker_du@Røyker du?","rows":[]},{"id":"helseopplysninger/mat,_livsstil_og_dagligliv@Mat, livsstil og dagligliv/kartleggingsspørsmål_om_bruk_av_substanser/uspesifisert_hendelse/røyk@Røyk/når_sluttet_du_å_røyke_(årstall)@Når sluttet du å røyke? (årstall)","rows":[]},{"id":"helseopplysninger/mat,_livsstil_og_dagligliv@Mat, livsstil og dagligliv/kartleggingsspørsmål_om_bruk_av_substanser/uspesifisert_hendelse/røyk@Røyk/hvor_ofte_røyker_du@Hvor ofte røyker du?","rows":[]}]}]}]},{"id":"helseopplysninger/mat,_livsstil_og_dagligliv@Mat, livsstil og dagligliv/kartleggingsspørsmål_om_bruk_av_substanser/uspesifisert_hendelse/snus@Snus","rows":[{"cols":[{"width":"100%","children":[{"id":"helseopplysninger/mat,_livsstil_og_dagligliv@Mat, livsstil og dagligliv/kartleggingsspørsmål_om_bruk_av_substanser/uspesifisert_hendelse/snus@Snus/tobakk@Tobakk","rows":[]},{"id":"helseopplysninger/mat,_livsstil_og_dagligliv@Mat, livsstil og dagligliv/kartleggingsspørsmål_om_bruk_av_substanser/uspesifisert_hendelse/snus@Snus/bruker_du_snus@Bruker du snus?","rows":[]},{"id":"helseopplysninger/mat,_livsstil_og_dagligliv@Mat, livsstil og dagligliv/kartleggingsspørsmål_om_bruk_av_substanser/uspesifisert_hendelse/snus@Snus/når_sluttet_du_med_snus_(årstall)@Når sluttet du med snus? (årstall)","rows":[]},{"id":"helseopplysninger/mat,_livsstil_og_dagligliv@Mat, livsstil og dagligliv/kartleggingsspørsmål_om_bruk_av_substanser/uspesifisert_hendelse/snus@Snus/hvor_ofte_bruker_du_snus@Hvor ofte bruker du snus?","rows":[]}]}]}]},{"id":"helseopplysninger/mat,_livsstil_og_dagligliv@Mat, livsstil og dagligliv/kartleggingsspørsmål_om_bruk_av_substanser/uspesifisert_hendelse/alkohol@Alkohol","rows":[{"cols":[{"width":"100%","children":[{"id":"helseopplysninger/mat,_livsstil_og_dagligliv@Mat, livsstil og dagligliv/kartleggingsspørsmål_om_bruk_av_substanser/uspesifisert_hendelse/alkohol@Alkohol/alkohol@Alkohol","rows":[]},{"id":"helseopplysninger/mat,_livsstil_og_dagligliv@Mat, livsstil og dagligliv/kartleggingsspørsmål_om_bruk_av_substanser/uspesifisert_hendelse/alkohol@Alkohol/drikker_du_alkohol@Drikker du alkohol?","rows":[]},{"id":"helseopplysninger/mat,_livsstil_og_dagligliv@Mat, livsstil og dagligliv/kartleggingsspørsmål_om_bruk_av_substanser/uspesifisert_hendelse/alkohol@Alkohol/hvor_ofte_drikker_du_alkohol@Hvor ofte drikker du alkohol?","rows":[]}]}]}]},{"id":"helseopplysninger/mat,_livsstil_og_dagligliv@Mat, livsstil og dagligliv/kartleggingsspørsmål_om_bruk_av_substanser/uspesifisert_hendelse/rusmidler@Rusmidler","rows":[{"cols":[{"width":"100%","children":[{"id":"helseopplysninger/mat,_livsstil_og_dagligliv@Mat, livsstil og dagligliv/kartleggingsspørsmål_om_bruk_av_substanser/uspesifisert_hendelse/rusmidler@Rusmidler/rusmidler@Rusmidler","rows":[]},{"id":"helseopplysninger/mat,_livsstil_og_dagligliv@Mat, livsstil og dagligliv/kartleggingsspørsmål_om_bruk_av_substanser/uspesifisert_hendelse/rusmidler@Rusmidler/bruker_du_andre_rusmidler@Bruker du andre rusmidler?","rows":[]}]}]}]},{"id":"helseopplysninger/mat,_livsstil_og_dagligliv@Mat, livsstil og dagligliv/kartleggingsspørsmål_om_bruk_av_substanser/uspesifisert_hendelse/time","rows":[]}]}]}]}]}]}]}]}]}]},{"id":"helseopplysninger/høyde_og_vekt@Høyde og vekt","rows":[{"cols":[{"width":"100%","children":[{"id":"helseopplysninger/høyde_og_vekt@Høyde og vekt/kartleggingsspørsmål_om_diagnostiske_undersøkelser","rows":[{"cols":[{"width":"100%","children":[{"id":"helseopplysninger/høyde_og_vekt@Høyde og vekt/kartleggingsspørsmål_om_diagnostiske_undersøkelser/event_series/origin","rows":[]},{"id":"helseopplysninger/høyde_og_vekt@Høyde og vekt/kartleggingsspørsmål_om_diagnostiske_undersøkelser/uspesifikk_hendelse","rows":[{"cols":[{"width":"100%","children":[{"id":"helseopplysninger/høyde_og_vekt@Høyde og vekt/kartleggingsspørsmål_om_diagnostiske_undersøkelser/uspesifikk_hendelse/vitale_parametre","rows":[{"cols":[{"width":"100%","children":[{"id":"helseopplysninger/høyde_og_vekt@Høyde og vekt/kartleggingsspørsmål_om_diagnostiske_undersøkelser/uspesifikk_hendelse/vitale_parametre/høyde","rows":[]},{"id":"helseopplysninger/høyde_og_vekt@Høyde og vekt/kartleggingsspørsmål_om_diagnostiske_undersøkelser/uspesifikk_hendelse/vitale_parametre/vekt","rows":[]},{"id":"helseopplysninger/høyde_og_vekt@Høyde og vekt/kartleggingsspørsmål_om_diagnostiske_undersøkelser/uspesifikk_hendelse/vitale_parametre/bmi","rows":[]}]}]}]},{"id":"helseopplysninger/høyde_og_vekt@Høyde og vekt/kartleggingsspørsmål_om_diagnostiske_undersøkelser/uspesifikk_hendelse/time","rows":[]}]}]}]}]}]}]}]}]}]},{"id":"helseopplysninger/operasjon@Operasjon","rows":[{"cols":[{"width":"100%","children":[{"id":"helseopplysninger/operasjon@Operasjon/history/origin","rows":[]},{"id":"helseopplysninger/operasjon@Operasjon/uspesifisert_hendelse","rows":[{"cols":[{"width":"100%","children":[{"id":"helseopplysninger/operasjon@Operasjon/uspesifisert_hendelse/kartleggingsformål","rows":[]},{"id":"helseopplysninger/operasjon@Operasjon/uspesifisert_hendelse/spesifikk_prosedyre@Spesifikk prosedyre","rows":[{"cols":[{"width":"100%","children":[{"id":"helseopplysninger/operasjon@Operasjon/uspesifisert_hendelse/spesifikk_prosedyre@Spesifikk prosedyre/keisersnitt@Keisersnitt","rows":[]},{"id":"helseopplysninger/operasjon@Operasjon/uspesifisert_hendelse/spesifikk_prosedyre@Spesifikk prosedyre/har_du_tatt_keisersnitt@Har du tatt keisersnitt?","rows":[]},{"id":"helseopplysninger/operasjon@Operasjon/uspesifisert_hendelse/spesifikk_prosedyre@Spesifikk prosedyre/hvilke(t)_år@Hvilke(t) år?","rows":[]},{"id":"helseopplysninger/operasjon@Operasjon/uspesifisert_hendelse/spesifikk_prosedyre@Spesifikk prosedyre/beskrivelse:","rows":[]}]}]}]},{"id":"helseopplysninger/operasjon@Operasjon/uspesifisert_hendelse/har_du_blitt_operert_tidligere@Har du blitt operert tidligere?","rows":[{"cols":[{"width":"100%","children":[{"id":"helseopplysninger/operasjon@Operasjon/uspesifisert_hendelse/har_du_blitt_operert_tidligere@Har du blitt operert tidligere?/kirurgisk_inngrep@Kirurgisk inngrep","rows":[]},{"id":"helseopplysninger/operasjon@Operasjon/uspesifisert_hendelse/har_du_blitt_operert_tidligere@Har du blitt operert tidligere?/har_du_blitt_operert_tidligere@Har du blitt operert tidligere?","rows":[]},{"id":"helseopplysninger/operasjon@Operasjon/uspesifisert_hendelse/har_du_blitt_operert_tidligere@Har du blitt operert tidligere?/beskrivelse:@Beskrivelse:","rows":[]}]}]}]},{"id":"helseopplysninger/operasjon@Operasjon/uspesifisert_hendelse/helseopplysning_detaljer_om_operasjon_hn","rows":[{"cols":[{"width":"100%","children":[{"id":"helseopplysninger/operasjon@Operasjon/uspesifisert_hendelse/helseopplysning_detaljer_om_operasjon_hn/har_du_tidligere_hatt_narkose,_spinal-_eller_epidural_(ryggbedøvelse)","rows":[]},{"id":"helseopplysninger/operasjon@Operasjon/uspesifisert_hendelse/helseopplysning_detaljer_om_operasjon_hn/fikk_du_problemer_i_forbindelse_med_narkose,_spinal_eller_epidural_(ryggbedøvelse)","rows":[]},{"id":"helseopplysninger/operasjon@Operasjon/uspesifisert_hendelse/helseopplysning_detaljer_om_operasjon_hn/beskriv_problemer_i_forbindelse_med_dette:","rows":[]},{"id":"helseopplysninger/operasjon@Operasjon/uspesifisert_hendelse/helseopplysning_detaljer_om_operasjon_hn/har_du,_eller_noen_du_er_i_slekt_med,_reagert_unormalt_på_narkose_eller_bedøvelse","rows":[]},{"id":"helseopplysninger/operasjon@Operasjon/uspesifisert_hendelse/helseopplysning_detaljer_om_operasjon_hn/hva_slags_bedøvelse_og_hva_slags_reaksjon","rows":[]},{"id":"helseopplysninger/operasjon@Operasjon/uspesifisert_hendelse/helseopplysning_detaljer_om_operasjon_hn/har_du_hatt_vekttap_de_siste_ukene","rows":[]},{"id":"helseopplysninger/operasjon@Operasjon/uspesifisert_hendelse/helseopplysning_detaljer_om_operasjon_hn/har_du_spist_mindre_enn_normalt_de_siste_ukene","rows":[]},{"id":"helseopplysninger/operasjon@Operasjon/uspesifisert_hendelse/helseopplysning_detaljer_om_operasjon_hn/beskriv_vekttap_og_eventuelt_redusert_matinntak:","rows":[]},{"id":"helseopplysninger/operasjon@Operasjon/uspesifisert_hendelse/helseopplysning_detaljer_om_operasjon_hn/har_du_lett_for_å_bli_kvalm_eller_reisesyk","rows":[]},{"id":"helseopplysninger/operasjon@Operasjon/uspesifisert_hendelse/helseopplysning_detaljer_om_operasjon_hn/beskrivelse:","rows":[]},{"id":"helseopplysninger/operasjon@Operasjon/uspesifisert_hendelse/helseopplysning_detaljer_om_operasjon_hn/har_du_problemer_med_å_bøye_hodet_bakover","rows":[]},{"id":"helseopplysninger/operasjon@Operasjon/uspesifisert_hendelse/helseopplysning_detaljer_om_operasjon_hn/beskrivelse:2","rows":[]},{"id":"helseopplysninger/operasjon@Operasjon/uspesifisert_hendelse/helseopplysning_detaljer_om_operasjon_hn/har_du_problemer_med_å_bevege_kjeven_eller_har_du_nedsatt_gapeevne","rows":[]},{"id":"helseopplysninger/operasjon@Operasjon/uspesifisert_hendelse/helseopplysning_detaljer_om_operasjon_hn/beskrivelse:3","rows":[]},{"id":"helseopplysninger/operasjon@Operasjon/uspesifisert_hendelse/helseopplysning_detaljer_om_operasjon_hn/har_du_problemer_med_å_ligge_flatt_på_ryggen@Har du problemer med å ligge flatt på ryggen?","rows":[]},{"id":"helseopplysninger/operasjon@Operasjon/uspesifisert_hendelse/helseopplysning_detaljer_om_operasjon_hn/beskrivelse:4","rows":[]},{"id":"helseopplysninger/operasjon@Operasjon/uspesifisert_hendelse/helseopplysning_detaljer_om_operasjon_hn/har_du_løse_tenner,_tannprotese_eller_piercing_i_munnen","rows":[]},{"id":"helseopplysninger/operasjon@Operasjon/uspesifisert_hendelse/helseopplysning_detaljer_om_operasjon_hn/beskrivelse:5","rows":[]},{"id":"helseopplysninger/operasjon@Operasjon/uspesifisert_hendelse/helseopplysning_detaljer_om_operasjon_hn/har_du_sår_eller_utslett_i_huden","rows":[]},{"id":"helseopplysninger/operasjon@Operasjon/uspesifisert_hendelse/helseopplysning_detaljer_om_operasjon_hn/beskrivelse:6","rows":[]}]}]}]},{"id":"helseopplysninger/operasjon@Operasjon/uspesifisert_hendelse/time","rows":[]}]}]}]}]}]}]},{"id":"helseopplysninger/andre_opplysninger@Andre opplysninger","rows":[{"cols":[{"width":"100%","children":[{"id":"helseopplysninger/andre_opplysninger@Andre opplysninger/er_det_andre_forhold_vi_trenger_å_vite_om_i_forbindelse_med_undersøkelse_behandling@Er det andre forhold vi trenger å vite om i forbindelse med undersøkelse/behandling?","rows":[]}]}]}]}]}]}]}]}]