[{"field":"helseopplysninger/kommunikasjonsstøtte@Kommunikasjonsstøtte/helseopplysninger_kommunikasjon_helse_nord/er_det_nødvendig_med_annen_type_kommunikasjonsstøtte","conditions":[{"operator":"is","value":{"value":"True"},"actions":[{"action":"show","target":"helseopplysninger/kommunikasjonsstøtte@Kommunikasjonsstøtte/evne_til_kommunikasjon/beskrivelse"}]},{"operator":"isnot","value":{"value":"True"},"actions":[{"action":"hide","target":"helseopplysninger/kommunikasjonsstøtte@Kommunikasjonsstøtte/evne_til_kommunikasjon/beskrivelse"},{"action":"clear","target":"helseopplysninger/kommunikasjonsstøtte@Kommunikasjonsstøtte/evne_til_kommunikasjon/beskrivelse"}]}]},{"field":"helseopplysninger/behov_for_tolk@Behov for tolk/helsenorge_boolean_ja_nei_helse_nord/er_det_nødvendig_med_tolk@Er det nødvendig med tolk?","conditions":[{"operator":"is","value":{"value":"True"},"actions":[{"action":"show","target":"helseopplysninger/behov_for_tolk@Behov for tolk/helseopplysninger_tolk_helse_nord/forespørsel_om_tolk/foretrukket_språk@Foretrukket språk/språk/hvilket_språk_(inkludert_f.eks_tegnspråk)@Hvilket språk? (Inkludert f.eks tegnspråk)"},{"action":"show","target":"helseopplysninger/behov_for_tolk@Behov for tolk/helseopplysninger_tolk_helse_nord/forespørsel_om_tolk/foretrukket_språk@Foretrukket språk/språk/hvilket_land_region_dialekt@Hvilket land/region/dialekt?"}]},{"operator":"isnot","value":{"value":"True"},"actions":[{"action":"hide","target":"helseopplysninger/behov_for_tolk@Behov for tolk/helseopplysninger_tolk_helse_nord/forespørsel_om_tolk/foretrukket_språk@Foretrukket språk/språk/hvilket_språk_(inkludert_f.eks_tegnspråk)@Hvilket språk? (Inkludert f.eks tegnspråk)"},{"action":"clear","target":"helseopplysninger/behov_for_tolk@Behov for tolk/helseopplysninger_tolk_helse_nord/forespørsel_om_tolk/foretrukket_språk@Foretrukket språk/språk/hvilket_språk_(inkludert_f.eks_tegnspråk)@Hvilket språk? (Inkludert f.eks tegnspråk)"},{"action":"hide","target":"helseopplysninger/behov_for_tolk@Behov for tolk/helseopplysninger_tolk_helse_nord/forespørsel_om_tolk/foretrukket_språk@Foretrukket språk/språk/hvilket_land_region_dialekt@Hvilket land/region/dialekt?"},{"action":"clear","target":"helseopplysninger/behov_for_tolk@Behov for tolk/helseopplysninger_tolk_helse_nord/forespørsel_om_tolk/foretrukket_språk@Foretrukket språk/språk/hvilket_land_region_dialekt@Hvilket land/region/dialekt?"}]}]}]